"","word","root","regularity","sbtlx.freq","sbtlx.basefreq","sbtlx.pformbase","OLD","length.squared","n.syll"
"1","abandoned","abandon","regular",650,1138,0.571177504393673,3.55,81,3
"8","abridged","abridge","regular",7,10,0.7,2.85,64,2
"18","accepted","accept","regular",780,4296,0.181564245810056,2.7,64,3
"25","accosted","accost","regular",33,41,0.804878048780488,2.7,64,3
"27","accredited","credit","regular",16,2579,0.0062039550213261,3.6,100,4
"28","accrued","accrue","regular",12,19,0.631578947368421,2.65,49,2
"33","accused","accuse","regular",655,1499,0.436957971981321,2.35,49,2
"34","accustomed","accustom","regular",143,155,0.92258064516129,3.65,100,3
"38","acquired","acquire","regular",222,404,0.54950495049505,2.6,64,2
"40","acted","act","regular",541,17694,0.0305753362721827,1.95,25,2
"41","activated","act","regular",212,17694,0.0119814626427037,2.7,81,4
"43","wondered","wonder","regular",747,17019,0.0438921205711264,2.25,64,2
"44","wooded","wood","regular",17,2676,0.00635276532137519,1.85,36,2
"46","worded","word","regular",14,17550,0.000797720797720798,1.85,36,2
"47","wore","wear","irregular",1056,8530,0.12379835873388,1,16,1
"48","worked","work","regular",5757,64201,0.0896715004439183,1.8,36,1
"49","worried","worry","regular",4770,20674,0.230724581600077,2.2,49,2
"52","worsted","worst","regular",6,2775,0.00216216216216216,2.15,49,2
"53","wound","wind","irregular",1316,4662,0.282282282282282,1.55,25,1
"54","wounded","wound","regular",937,1649,0.568223165554882,1.7,49,2
"55","wove","weave","irregular",12,186,0.0645161290322581,1.5,16,1
"56","woven","wove","irregular",31,31,1,1.8,25,2
"58","wrapped","wrap","regular",575,1690,0.340236686390533,1.85,49,1
"62","wretched","wretch","regular",170,268,0.634328358208955,2.25,64,2
"66","wronged","wrong","regular",53,26012,0.00203752114408734,2.25,49,1
"70","yelled","yell","regular",309,2389,0.129342821264127,1.8,36,1
"86","whitened","white","regular",1,6549,0.000152695067949305,2.65,64,2
"92","willed","will","regular",28,99626,0.000281051131230803,1.65,36,1
"95","winded","wind","regular",17,4662,0.00364650364650365,1.75,36,2
"100","wired","wire","regular",374,2319,0.161276412246658,1.6,25,1
"101","wished","wish","regular",415,13100,0.0316793893129771,1.8,36,1
"103","witnessed","witness","regular",286,3731,0.0766550522648084,3.2,81,2
"105","woke","wake","irregular",1266,7643,0.165641763705351,1.55,16,1
"107","wanted","want","regular",25370,179210,0.141565760839239,1.75,36,2
"108","warmed","warm","regular",110,2998,0.0366911274182789,1.6,36,1
"109","warned","warn","regular",802,3581,0.22395978776878,1.7,36,1
"112","warred","war","regular",2,7787,0.000256838320277385,1.6,36,1
"113","washed","wash","regular",690,3061,0.225416530545573,1.6,36,1
"114","wasted","waste","regular",825,4575,0.180327868852459,1.6,36,2
"115","watched","watch","regular",1328,17638,0.0752919832180519,1.75,49,1
"116","watered","water","regular",49,11531,0.00424941462145521,1.95,49,2
"117","waved","wave","regular",103,2170,0.0474654377880184,1.4,25,1
"119","weakened","weak","regular",74,2522,0.0293417922283902,2.5,64,2
"122","weathered","weather","regular",16,1656,0.00966183574879227,2.35,81,2
"123","wedded","wed","regular",160,5518,0.0289960130482059,1.75,36,2
"127","weighted","weight","regular",19,2064,0.00920542635658915,2.45,64,2
"128","welcomed","welcome","regular",103,5265,0.0195631528964862,2.85,64,2
"130","welled","well","regular",4,32095,0.000124630004673625,1.7,36,1
"131","went","go","irregular",20617,300016,0.0687196682843582,1.2,16,1
"132","wept","weep","irregular",69,515,0.133980582524272,1.7,16,1
"134","wheeled","wheel","regular",39,1967,0.0198271479410269,2,49,1
"136","victimized","victim","regular",37,3546,0.0104342921601805,3.75,100,3
"141","visited","visit","regular",349,5208,0.0670122887864823,2.55,49,3
"144","voiced","voice","regular",18,4957,0.00363122856566472,1.9,36,1
"146","voted","vote","regular",345,2724,0.126651982378855,1.75,25,2
"148","vulcanized","vulcan","regular",8,10,0.8,3.95,100,3
"156","waited","wait","regular",1457,34722,0.0419618685559588,1.6,36,2
"158","waked","wake","regular",18,7643,0.0023550961664268,1.3,25,1
"159","wakened","wake","regular",13,7643,0.0017009027868638,2.4,49,2
"160","walked","walk","regular",2681,17460,0.153550973654066,1.75,36,1
"161","walled","wall","regular",19,4461,0.00425913472315624,1.6,36,1
"171","vacated","vacate","regular",16,1802,0.00887902330743618,2.65,49,3
"174","valued","value","regular",92,1593,0.0577526679221594,1.9,36,2
"180","venerated","venerate","regular",8,11,0.727272727272727,2.65,81,4
"191","unmanaged","manage","regular",0,4646,0,3,81,3
"193","unmarked","mark","regular",65,3508,0.0185290763968073,2.5,64,2
"194","unmarried","marry","regular",96,17924,0.00535594733318456,2.95,81,3
"196","unmatched","match","regular",7,3470,0.00201729106628242,2.75,81,2
"197","unmated","mate","regular",0,1879,0,1.95,49,3
"199","unmixed","mix","regular",1,2198,0.000454959053685168,2.45,49,2
"200","unmoved","move","regular",0,35617,0,2.6,49,2
"205","unnamed","name","regular",22,38080,0.000577731092436975,2.65,49,2
"206","unpaired","pair","regular",0,2112,0,2.55,64,2
"207","unpunished","punish","regular",36,1879,0.0191591271953167,3.35,100,3
"208","unneeded","need","regular",3,78599,3.81684245346633e-05,2.85,64,3
"209","unnoticed","notice","regular",61,5401,0.0112942047768932,3.55,81,3
"211","unnumbered","number","regular",4,12641,0.000316430662131161,3.55,100,3
"213","unopened","open","regular",22,17091,0.00128722719560002,2.9,64,3
"215","unpaid","pay","regular",49,20116,0.00243587194273215,2.45,36,2
"219","unperformed","perform","regular",0,2847,0,3.7,121,3
"223","unproved","prove","regular",1,4877,0.000205044084478163,2.6,64,2
"226","unprepared","prepare","regular",77,3718,0.0207100591715976,3.6,100,3
"230","unprotected","protect","regular",61,6398,0.00953422944670209,3.65,121,4
"234","unquestioned","question","regular",13,16717,0.000777651492492672,4.35,144,3
"235","unsolved","solve","regular",92,1724,0.0533642691415313,2.45,64,2
"236","unrecognized","recognize","regular",5,2313,0.00216169476869866,4.6,144,4
"240","unrelated","relate","regular",51,6707,0.00760399582525719,2.75,81,4
"241","unreleased","release","regular",2,2610,0.000766283524904215,3.4,100,3
"244","unrequited","requite","regular",18,25,0.72,3.75,100,4
"245","unreserved","reserve","regular",0,1460,0,2.9,100,3
"250","unrolled","roll","regular",6,4691,0.00127904497974845,2.6,64,2
"252","unsaid","say","regular",37,106958,0.000345930178200789,2.5,36,2
"256","unschooled","school","regular",3,16811,0.000178454583308548,3.9,100,2
"257","unscrewed","screw","regular",8,3105,0.00257648953301127,3.55,81,2
"260","unseasoned","season","regular",1,1698,0.000588928150765607,3.5,100,3
"261","unsettled","settle","regular",34,3651,0.00931251711859764,2.75,81,3
"265","unsigned","sign","regular",16,13378,0.00119599342203618,2.65,64,2
"270","unspotted","spot","regular",1,4122,0.000242600679281902,3,81,3
"276","unstudied","study","regular",1,4421,0.000226193168966297,3.5,81,3
"277","unsuited","suit","regular",5,4552,0.00109841827768014,2.7,64,3
"279","unsupported","support","regular",12,3330,0.0036036036036036,4.15,121,4
"283","untied","tie","regular",51,4127,0.0123576447782893,1.95,36,2
"284","untouched","touch","regular",49,10023,0.00488875586151851,3.2,81,2
"285","untracked","track","regular",1,4494,0.000222518914107699,2.9,81,2
"286","unwanted","want","regular",67,179210,0.000373863065677138,2.65,64,3
"287","untrained","train","regular",20,7970,0.00250941028858218,2.8,81,2
"288","untreated","treat","regular",8,5692,0.00140548137737175,2.65,81,3
"289","unused","use","regular",31,22053,0.00140570443930531,2,36,2
"294","unvoiced","voice","regular",0,4957,0,2.75,64,2
"297","unwired","wire","regular",1,2319,0.00043122035360069,2.35,49,2
"299","unwounded","wound","regular",0,1649,0,2.6,81,3
"302","upped","up","regular",44,185339,0.000237402813223337,1.9,25,1
"303","undergone","gone","irregular",33,14683,0.00224749710549615,2.55,81,3
"304","underhanded","hand","regular",34,26220,0.00129672006102212,3.5,121,4
"305","underlined","line","regular",33,12636,0.00261158594491928,2.5,100,3
"307","undermined","mine","regular",14,12351,0.00113351145656222,2.55,100,3
"308","undermentioned","mention","regular",0,4758,0,5.2,196,4
"309","underpaid","pay","regular",21,20116,0.00104394511831378,2.75,81,3
"312","underrated","rate","regular",29,1992,0.0145582329317269,2.75,100,4
"313","underscored","score","regular",1,2235,0.000447427293064877,3.55,121,3
"314","undersexed","sex","regular",3,11359,0.000264107755964433,3.15,100,3
"315","undersized","size","regular",4,2556,0.00156494522691706,2.7,100,3
"316","understaffed","staff","regular",22,1507,0.0145985401459854,3.65,144,3
"317","understanded","understand","regular",0,27333,0,3.3,144,4
"318","understated","state","regular",26,6818,0.003813435024934,2.6,121,4
"319","understood","understand","irregular",1207,27333,0.0441590751106721,2.8,100,3
"320","underwent","undergo","irregular",21,21,1,2.95,81,3
"321","undeserved","deserve","regular",7,3590,0.00194986072423398,3.1,100,3
"323","undetected","detect","regular",55,2578,0.0213343677269201,3.2,100,4
"326","undeveloped","develop","regular",13,2138,0.00608044901777362,3.8,121,4
"327","undifferentiated","differ","regular",0,15394,0,5.75,256,7
"337","undisturbed","disturb","regular",36,1809,0.0199004975124378,3.95,121,3
"341","undreamed","dream","regular",5,11734,0.000426112152718596,2.8,81,2
"342","undressed","dress","regular",122,8424,0.0144824311490978,2.7,81,2
"344","unearned","earn","regular",1,1622,0.00061652281134402,2.6,64,2
"345","unearthed","earth","regular",26,2936,0.00885558583106267,2.9,81,2
"346","uneducated","educate","regular",24,1487,0.0161398789509079,3.2,100,5
"347","unemployed","employ","regular",170,2448,0.0694444444444444,3.4,100,3
"348","unenlightened","light","regular",2,12316,0.00016239038648912,5.1,169,4
"353","unfixed","fix","regular",1,6424,0.000155666251556663,2.5,49,2
"354","unexplained","explain","regular",72,7884,0.0091324200913242,3.85,121,3
"356","unformed","form","regular",4,3666,0.0010911074740862,2.3,64,2
"357","unfastened","fast","regular",10,8896,0.00112410071942446,3.7,100,3
"361","unfettered","fetter","regular",18,22,0.818181818181818,3.45,100,3
"362","unfinished","finish","regular",167,9365,0.0178323545114789,3.45,100,3
"372","ungoverned","govern","regular",3,4171,0.000719251977942939,3.65,100,3
"374","unguarded","guard","regular",35,3496,0.0100114416475973,3,81,3
"376","unheated","heat","regular",1,2443,0.000409332787556283,2.4,64,3
"380","unhurried","hurry","regular",0,4345,0,3.25,81,3
"382","unidentified","identify","regular",153,1936,0.0790289256198347,4.3,144,5
"383","uniformed","uniform","regular",27,1634,0.0165238678090575,2.6,81,3
"385","unimpressed","impress","regular",14,3414,0.00410076157000586,3.65,121,3
"388","uninformed","inform","regular",15,6159,0.00243546030199708,3.2,100,3
"390","uninjured","injure","regular",5,1481,0.00337609723160027,3.55,81,3
"392","unitized","unit","regular",0,2471,0,2.75,64,3
"394","unintended","intend","regular",10,3021,0.0033101621979477,3.6,100,4
"395","uninterested","interest","regular",5,11447,0.000436795666986984,4.05,144,5
"396","uninterrupted","interrupt","regular",26,1784,0.0145739910313901,4.7,169,5
"397","uninvited","invite","regular",68,4898,0.013883217639853,3.15,81,4
"398","uninvolved","involve","regular",11,4479,0.0024559053360125,3.6,100,3
"400","unjustified","just","regular",8,194329,4.1167298756233e-05,3.75,121,4
"405","unlettered","letter","regular",0,6009,0,3,100,3
"406","unlicensed","license","regular",19,1736,0.0109447004608295,3.5,100,3
"407","unlimited","limit","regular",119,1830,0.0650273224043716,2.9,81,4
"409","unlisted","list","regular",45,4946,0.00909826122118884,2.6,64,3
"410","unloaded","load","regular",73,3215,0.022706065318818,2.5,64,3
"411","unlocked","lock","regular",193,6571,0.0293714807487445,2.45,64,2
"412","turned","turn","regular",5230,21771,0.240227826007074,1.85,36,1
"420","typed","type","regular",89,4335,0.0205305651672434,1.85,25,1
"421","typified","type","regular",3,4335,0.00069204152249135,3,64,3
"425","unabashed","abash","regular",4,4,1,3.45,81,3
"434","unadulterated","adulterate","regular",18,19,0.947368421052632,4.7,169,6
"436","unaffected","affect","regular",22,1933,0.0113812726332126,3.6,100,4
"442","unanswered","answer","regular",49,11092,0.00441759826902272,3.75,100,3
"443","unappreciated","appreciate","regular",23,4999,0.00460092018403681,4.7,169,6
"444","unarmed","arm","regular",187,7674,0.0243679958300756,2.05,49,2
"445","unasked","ask","regular",2,40508,4.93729633652612e-05,2.4,49,2
"446","unassisted","assist","regular",11,2621,0.00419687142312095,3.6,100,4
"449","unattended","attend","regular",48,5508,0.00871459694989107,3.45,100,4
"453","unburned","burn","regular",5,6260,0.000798722044728434,2.65,64,2
"457","unbridled","bridle","regular",29,44,0.659090909090909,3.3,81,3
"458","uncaused","cause","regular",0,12280,0,2.8,64,2
"460","unchallenged","challenge","regular",5,1500,0.00333333333333333,4.35,144,3
"461","unchanged","change","regular",35,19443,0.00180013372421951,2.65,81,2
"462","uncharged","charge","regular",0,7303,0,2.75,81,2
"464","unchecked","check","regular",18,15305,0.00117608624632473,3.4,81,2
"465","unclaimed","claim","regular",17,2528,0.0067246835443038,2.75,81,2
"469","uncolored","color","regular",0,3054,0,3.1,81,3
"470","uncomforted","comfort","regular",0,4465,0,3.7,121,4
"471","uncommitted","commit","regular",6,3063,0.0019588638589618,4.05,121,4
"472","unconcerned","concern","regular",16,4315,0.00370799536500579,3.5,121,3
"473","unconditioned","condition","regular",1,2955,0.000338409475465313,4.25,169,4
"474","unconnected","connect","regular",11,3559,0.00309075583028941,3.75,121,4
"476","uncounted","count","regular",4,5873,0.000681082921845735,2.55,81,3
"477","uncontrolled","control","regular",13,7076,0.00183719615602035,4.6,144,3
"478","uncovered","cover","regular",128,8417,0.0152073185220387,3,81,3
"480","undamaged","damage","regular",15,2342,0.00640478223740393,3.15,81,3
"481","undated","date","regular",1,10176,9.82704402515723e-05,2,49,3
"483","undecided","decide","regular",14,11272,0.00124201561391057,2.95,81,4
"487","undefended","defend","regular",11,2642,0.00416351249053747,3.15,100,4
"488","undefined","define","regular",10,4239,0.00235904694503421,2.7,81,3
"490","underdeveloped","develop","regular",10,2138,0.00467726847521048,5.7,196,5
"491","undereducated","educate","regular",0,1487,0,4.55,169,6
"493","transplanted","plant","regular",14,3001,0.00466511162945685,3.75,144,3
"496","trapped","trapp","regular",967,1035,0.934299516908213,1.65,49,1
"497","traveled","travel","regular",314,3377,0.0929819366301451,2.4,64,2
"498","travelled","travel","regular",97,3377,0.0287237192774652,2.65,81,2
"501","treated","treat","regular",1198,5692,0.21047083626142,1.95,49,2
"505","tricked","trick","regular",246,3862,0.0636975660279648,1.8,49,1
"506","tried","try","regular",9353,54882,0.170420174191903,1.7,25,1
"511","tripped","trip","regular",216,4815,0.0448598130841122,1.65,49,1
"513","troubled","trouble","regular",330,12105,0.0272614622057001,2.65,64,2
"514","trucked","truck","regular",4,4179,0.000957166786312515,1.8,49,1
"516","truncated","truncate","regular",2,2,1,3.25,81,3
"517","trusted","trust","regular",851,8823,0.0964524538138955,1.9,49,2
"523","tongued","tongue","regular",1,1679,0.000595592614651578,2.7,49,1
"525","topped","top","regular",47,6634,0.00708471510400965,1.6,36,1
"527","tore","tear","irregular",399,3487,0.114425007169487,1,16,1
"531","totaled","total","regular",54,5643,0.00956937799043062,2.3,49,2
"532","totalled","total","regular",19,5643,0.00336700336700337,2.75,64,2
"534","touched","touch","regular",1476,10023,0.147261299012272,1.9,49,1
"535","toured","tour","regular",45,2156,0.0208719851576994,1.95,36,1
"536","tousled","tousle","regular",5,5,1,1.95,49,2
"538","traced","trace","regular",216,1538,0.140442132639792,1.6,36,1
"539","tracked","track","regular",244,4494,0.0542946150422786,1.65,49,1
"540","traded","trade","regular",207,2103,0.0984308131241084,1.75,36,2
"543","trailed","trail","regular",26,1714,0.015169194865811,1.9,49,1
"544","trained","train","regular",936,7970,0.117440401505646,1.7,49,1
"549","transfered","transfer","regular",0,1753,0,2.6,100,2
"550","transferred","transfer","regular",580,1753,0.330861380490588,3.15,121,2
"556","transpired","transpire","regular",21,31,0.67741935483871,2.75,100,2
"560","threatened","threat","regular",833,3285,0.253576864535769,3.6,100,2
"574","tied","tie","regular",1317,4127,0.319118003392295,1.4,16,1
"576","tightened","tight","regular",23,2914,0.00789293067947838,2.8,81,2
"578","tilled","till","regular",4,7774,0.000514535631592488,1.5,36,1
"581","timed","time","regular",75,108611,0.0006905377908315,1.55,25,1
"584","tipped","tip","regular",237,2107,0.112482202183199,1.55,36,1
"585","tired","tire","regular",5544,6767,0.819269986700163,1.45,25,1
"586","titled","title","regular",33,1711,0.0192869666861484,1.8,36,2
"587","toasted","toast","regular",64,1929,0.033177812337999,1.75,49,2
"592","telephoned","telephone","regular",104,1624,0.0640394088669951,3.55,100,3
"594","televised","televise","regular",42,47,0.893617021276596,3.55,81,3
"600","termed","term","regular",11,2015,0.0054590570719603,1.95,36,1
"603","terrified","terrify","regular",468,705,0.663829787234043,2.6,81,3
"604","terrorized","terror","regular",32,1866,0.0171489817792069,3.5,100,3
"605","tested","test","regular",523,6426,0.0813881107998755,1.65,36,2
"609","thanked","thank","regular",192,21407,0.00896902882234783,2,49,1
"615","systematized","system","regular",2,5340,0.000374531835205993,4.55,144,4
"620","tainted","taint","regular",70,110,0.636363636363636,1.75,49,2
"621","taken","take","irregular",6935,118614,0.0584669600553054,1.7,25,2
"622","talented","talent","regular",566,2076,0.272639691714836,2.65,64,3
"623","talked","talk","regular",5158,72647,0.0710008672071799,1.75,36,1
"624","tangled","tangle","regular",128,222,0.576576576576577,1.85,49,2
"626","taped","tape","regular",212,4263,0.0497302369223551,1.6,25,1
"631","tasted","taste","regular",286,3780,0.0756613756613757,1.65,36,2
"632","tattered","tatter","regular",12,17,0.705882352941177,1.85,64,2
"638","teamed","team","regular",32,7592,0.00421496311907271,1.85,36,1
"645","supplied","supply","regular",120,1853,0.0647598488936859,2.6,64,2
"646","supported","support","regular",183,3330,0.054954954954955,2.6,81,3
"647","supposed","suppose","regular",12755,18571,0.68682354208174,2.5,64,2
"654","surprised","surprise","regular",2669,7509,0.355440138500466,2.7,81,2
"656","surrounded","surround","regular",654,1112,0.588129496402878,3.35,100,3
"658","survived","survive","regular",652,3410,0.191202346041056,2.6,64,2
"659","suspected","suspect","regular",472,3236,0.145859085290482,2.85,81,3
"660","suspended","suspend","regular",352,547,0.643510054844607,2.75,81,3
"665","swam","swim","irregular",119,2792,0.042621776504298,1.2,16,1
"668","swathed","swathe","regular",4,4,1,1.95,49,1
"670","sweated","sweat","regular",36,2577,0.0139697322467986,1.9,49,2
"672","swept","sweep","irregular",238,941,0.252922422954304,1.8,25,1
"678","switched","switch","regular",383,1884,0.203290870488323,2.05,64,1
"680","swore","swear","irregular",442,5478,0.0806863818912012,1.55,25,1
"681","swum","swum","irregular",20,20,1,1.75,16,1
"682","swung","swing","irregular",99,1645,0.0601823708206687,1.8,25,1
"688","subjected","subject","regular",75,2263,0.033141847105612,2.85,81,3
"690","submerged","submerge","regular",39,61,0.639344262295082,3.05,81,2
"698","subsumed","subsume","regular",2,3,0.666666666666667,2.9,64,2
"699","subtitled","title","regular",3,1711,0.00175336060783168,3.1,81,3
"703","sucked","suck","regular",494,4494,0.109924343569203,1.65,36,1
"705","suffered","suffer","regular",644,2976,0.216397849462366,2.45,64,2
"708","sugared","sugar","regular",7,1552,0.00451030927835052,2.45,49,2
"709","suggested","suggest","regular",521,4191,0.12431400620377,3.25,81,3
"710","suited","suit","regular",151,4552,0.0331722319859402,1.9,36,2
"715","sung","sung","irregular",110,123,0.894308943089431,1.3,16,1
"716","sunk","sunk","irregular",229,268,0.854477611940298,1.15,16,1
"722","stoked","stoke","regular",36,58,0.620689655172414,1.6,36,1
"726","stoned","stone","regular",248,1919,0.129233976029182,1.75,36,1
"727","stood","stand","irregular",1284,15287,0.083992935173677,1.9,25,1
"729","stopped","stop","regular",3786,28047,0.134987699219168,1.65,49,1
"730","stored","store","regular",169,5121,0.0330013669205233,1.55,36,1
"731","stormed","storm","regular",57,1581,0.0360531309297913,1.9,49,1
"735","straightened","straight","regular",188,6404,0.0293566520924422,3.75,144,2
"737","stranded","strand","regular",146,227,0.643171806167401,2.35,64,2
"744","strengthened","strength","regular",18,2005,0.00897755610972569,4.35,144,2
"750","strode","stride","irregular",3,132,0.0227272727272727,1.85,36,1
"754","strove","strive","irregular",7,112,0.0625,1.75,36,1
"755","struck","strike","irregular",805,3239,0.248533497993208,1.9,36,1
"758","strung","string","irregular",108,1160,0.0931034482758621,1.8,36,1
"763","studied","study","regular",570,4421,0.128930106310789,2.15,49,2
"764","stuffed","stuff","regular",417,16086,0.025923162998881,2,49,1
"765","stumbled","stumble","regular",200,371,0.539083557951482,1.95,64,2
"767","stung","sting","irregular",75,506,0.148221343873518,1.6,25,1
"768","stunk","stink","irregular",46,1951,0.0235776524859047,1.55,25,1
"770","styled","style","regular",6,1770,0.00338983050847458,1.9,36,1
"771","stylized","style","regular",12,1770,0.00677966101694915,2.75,64,2
"772","stymied","stymie","regular",13,15,0.866666666666667,2.5,49,2
"775","staffed","staff","regular",9,1507,0.0059721300597213,1.95,49,1
"776","staged","stage","regular",111,2546,0.0435978004713276,1.6,36,1
"787","stared","stare","regular",122,1829,0.0667031164570804,1.2,36,1
"789","started","start","regular",9440,30907,0.305432426311192,1.65,49,2
"791","starved","starve","regular",227,1428,0.158963585434174,1.75,49,1
"793","stated","state","regular",182,6818,0.026694045174538,1.5,36,2
"794","stationed","station","regular",164,4464,0.0367383512544803,2.85,81,2
"796","stayed","stay","regular",1640,25956,0.0631838495916166,1.65,36,1
"803","stepped","step","regular",638,6725,0.0948698884758364,1.8,49,1
"812","specialized","special","regular",49,7704,0.00636033229491173,3,121,3
"814","speckled","speckle","regular",13,16,0.8125,2.5,64,2
"817","speeded","speed","regular",9,2243,0.00401248328131966,2,49,2
"818","spelled","spell","regular",168,2506,0.0670391061452514,1.75,49,1
"824","spirited","spirit","regular",56,3576,0.0156599552572707,2.7,64,3
"832","spoke","speak","irregular",1945,14454,0.134564826345648,1.6,25,1
"837","spotted","spot","regular",500,4122,0.121300339640951,1.8,49,2
"839","sprained","sprain","regular",77,123,0.626016260162602,2.2,64,1
"840","sprang","sprang","irregular",38,38,1,1.9,36,1
"847","sprung","spring","irregular",126,1622,0.0776818742293465,1.85,36,1
"848","spun","spin","irregular",81,1142,0.0709281961471103,1.5,16,1
"853","squared","square","regular",114,1424,0.0800561797752809,1.9,49,1
"863","stabbed","stab","regular",461,873,0.528064146620848,1.8,49,1
"872","socialized","social","regular",6,1741,0.00344629523262493,2.8,100,3
"874","softened","soft","regular",31,1961,0.01580826109128,2.7,64,2
"880","solved","solve","regular",501,1724,0.290603248259861,1.9,36,1
"882","sophisticated","sophisticate","regular",329,396,0.830808080808081,5,169,5
"883","sorted","sort","regular",102,7602,0.0134175217048145,1.95,36,2
"884","sought","seek","irregular",236,1570,0.15031847133758,1.8,36,1
"885","sounded","sound","regular",859,13062,0.0657632828050835,1.65,49,2
"886","spaced","space","regular",43,3415,0.0125915080527086,1.7,36,1
"904","slew","slay","irregular",60,299,0.20066889632107,1.55,16,1
"906","slid","slide","irregular",90,1192,0.075503355704698,1.55,16,1
"908","slipped","slip","regular",811,3097,0.261866322247336,1.6,49,1
"912","slowed","slow","regular",111,4395,0.0252559726962457,1.65,36,1
"917","slung","sling","irregular",16,186,0.0860215053763441,1.55,25,1
"923","smelled","smell","regular",395,5985,0.0659983291562239,1.85,49,1
"924","smelt","smell","irregular",50,5985,0.00835421888053467,1.85,25,1
"925","smiled","smile","regular",251,3787,0.0662793768154212,1.8,36,1
"927","smitten","smit","irregular",57,57,1,2.45,49,2
"928","smoked","smoke","regular",335,4995,0.0670670670670671,1.8,36,1
"931","smote","smite","irregular",10,41,0.24390243902439,1.85,25,1
"940","sneaked","sneak","regular",74,1738,0.0425776754890679,1.9,49,1
"946","snowed","snow","regular",59,1565,0.0376996805111821,1.85,36,1
"948","sided","side","regular",10,10732,0.00093179276928811,1.7,25,2
"952","sighted","sight","regular",108,2804,0.0385164051355207,2,49,2
"953","signaled","sign","regular",21,13378,0.00156974136642248,2.75,64,2
"954","signed","sign","regular",1676,13378,0.12528031095829,1.9,36,1
"955","signified","sign","regular",3,13378,0.000224248766631784,3.05,81,3
"959","simplified","simple","regular",11,6733,0.00163374424476459,3.45,100,3
"961","singed","singe","regular",28,39,0.717948717948718,1.65,36,1
"962","singled","single","regular",35,3627,0.00964984835952578,1.75,49,2
"963","sinned","sin","regular",121,1639,0.0738255033557047,1.75,36,1
"967","situated","situate","regular",39,4532,0.00860547219770521,2.75,64,4
"968","sized","size","regular",32,2556,0.0125195618153365,1.75,25,1
"978","shamed","shame","regular",42,3383,0.0124150162577594,1.65,36,1
"979","shaped","shape","regular",177,1870,0.0946524064171123,1.7,36,1
"980","shared","share","regular",525,4810,0.109147609147609,1.35,36,1
"982","shattered","shatter","regular",202,329,0.613981762917933,2,81,2
"991","shifted","shift","regular",72,1557,0.046242774566474,1.9,49,2
"992","shipped","ship","regular",210,6727,0.0312174817898023,1.7,49,1
"994","shocked","shock","regular",569,2340,0.243162393162393,1.85,49,1
"995","shone","shine","irregular",30,1931,0.0155359917141378,1.6,25,1
"996","shook","shake","irregular",292,3001,0.0973008997001,1.7,25,1
"997","shortened","short","regular",24,5722,0.00419433764418036,2.85,81,2
"999","shouldered","shoulder","regular",5,1874,0.00266808964781217,3.1,100,2
"1000","shouted","shout","regular",111,1562,0.0710627400768246,1.9,49,2
"1003","showed","show","regular",2385,27953,0.085321790147748,1.75,36,1
"1004","showered","shower","regular",58,2383,0.024339068401175,2.3,64,1
"1005","shrank","shrank","irregular",18,18,1,1.9,36,1
"1018","secured","secure","regular",256,5449,0.0469810974490732,2.25,49,2
"1020","seemed","seem","regular",2656,17201,0.154409627347247,1.9,36,1
"1025","sensed","sense","regular",145,8851,0.0163823296802621,1.85,36,1
"1028","sentenced","sentence","regular",200,1458,0.137174211248285,2.75,81,2
"1029","separated","separate","regular",523,2054,0.254625121713729,2.65,81,4
"1032","serrated","serrate","regular",11,11,1,2.45,64,3
"1033","served","serve","regular",972,4819,0.201701597841876,1.8,36,1
"1034","settled","settle","regular",976,3651,0.267324020816215,1.8,49,2
"1035","severed","sever","regular",146,266,0.548872180451128,1.85,49,2
"1037","sexed","sex","regular",6,11359,0.000528215511928867,1.8,25,1
"1038","sexualized","sex","regular",6,11359,0.000528215511928867,3.45,100,3
"1044","shaken","shake","irregular",141,3001,0.0469843385538154,1.8,36,2
"1045","scattered","scatter","regular",169,261,0.647509578544061,2.1,81,2
"1047","scheduled","schedule","regular",475,2138,0.222170252572498,3.5,81,2
"1048","schooled","school","regular",22,16811,0.00130866694426269,2.6,64,1
"1054","scored","score","regular",285,2235,0.12751677852349,1.65,36,1
"1059","scrambled","scramble","regular",310,500,0.62,2.55,81,2
"1064","screamed","scream","regular",241,3846,0.06266250650026,2.15,64,1
"1066","screened","screen","regular",40,1470,0.0272108843537415,2.7,64,1
"1067","screwed","screw","regular",1500,3105,0.483091787439614,2.1,49,1
"1077","searched","search","regular",399,3418,0.116734932709187,2.4,64,1
"1078","seasoned","season","regular",48,1698,0.0282685512367491,2.7,64,2
"1079","seated","seat","regular",428,5572,0.0768126346015793,1.7,36,2
"1081","secluded","seclude","regular",51,88,0.579545454545455,2.5,64,3
"1084","saddened","sad","regular",38,3532,0.0107587768969422,2.75,64,2
"1088","sailed","sail","regular",180,2090,0.0861244019138756,1.6,36,1
"1094","sanctified","sanctify","regular",18,26,0.692307692307692,3.5,100,3
"1096","sang","sing","irregular",374,7740,0.0483204134366925,1.2,16,1
"1097","sank","sink","irregular",108,1256,0.0859872611464968,1.1,16,1
"1100","satisfied","satisfy","regular",696,1179,0.590330788804071,3.3,81,3
"1103","saved","save","regular",3427,12324,0.278075300227199,1.6,25,1
"1115","robbed","robb","regular",757,2695,0.280890538033395,1.7,36,1
"1117","rocked","rock","regular",142,4834,0.0293752585850228,1.55,36,1
"1118","rolled","roll","regular",413,4691,0.088040929439352,1.85,36,1
"1120","roofed","roof","regular",0,1858,0,1.85,36,1
"1122","roped","rope","regular",46,1465,0.0313993174061433,1.4,25,1
"1123","rose","rise","irregular",689,2619,0.263077510500191,1,16,1
"1125","roughed","rough","regular",29,1994,0.014543630892678,1.85,49,1
"1127","rounded","round","regular",82,3715,0.0220726783310902,1.65,49,2
"1132","rubbed","rub","regular",133,1725,0.0771014492753623,1.8,36,1
"1133","rubberized","rub","regular",0,1725,0,3.9,100,3
"1135","ruined","ruin","regular",1257,3287,0.382415576513538,1.9,36,1
"1136","ruled","rule","regular",269,6196,0.0434151065203357,1.85,25,1
"1140","rumpled","rumple","regular",7,7,1,1.85,49,2
"1142","rung","rung","irregular",70,76,0.921052631578947,1.45,16,1
"1143","ruptured","rupture","regular",83,157,0.528662420382166,2.65,64,2
"1144","rushed","rush","regular",265,2114,0.125354777672658,1.65,36,1
"1150","retraced","trace","regular",3,1538,0.00195058517555267,2.45,64,2
"1155","returned","return","regular",1253,6552,0.191239316239316,2.55,64,2
"1160","revered","revere","regular",37,58,0.637931034482759,1.65,49,2
"1167","revisited","visit","regular",6,5208,0.00115207373271889,2.85,81,4
"1179","ridden","rid","irregular",107,224,0.477678571428571,1.9,36,2
"1181","ridiculed","ridicule","regular",39,2816,0.0138494318181818,3.7,81,3
"1183","rigged","rigg","regular",191,253,0.754940711462451,1.8,36,1
"1185","ringed","ring","regular",8,6840,0.00116959064327485,1.6,36,1
"1188","ripped","rip","regular",612,1715,0.356851311953353,1.5,36,1
"1190","risen","risen","irregular",77,86,0.895348837209302,1.7,25,2
"1191","risked","risk","regular",192,3528,0.054421768707483,2,36,1
"1199","replaced","replace","regular",414,1641,0.252285191956124,2.35,64,2
"1200","replanted","plant","regular",4,3001,0.00133288903698767,2.6,81,3
"1203","reported","report","regular",757,8885,0.0851997749015194,1.95,64,3
"1205","represented","represent","regular",213,1992,0.106927710843373,3.3,121,4
"1208","reprinted","print","regular",5,2363,0.00211595429538722,2.65,81,3
"1209","reproduced","produce","regular",17,1839,0.00924415443175639,3.25,100,3
"1213","requested","request","regular",435,1981,0.219586067642605,2.8,81,3
"1214","required","require","regular",544,1791,0.303740926856505,2.5,64,2
"1217","rescued","rescue","regular",264,1536,0.171875,2.4,49,2
"1221","reserved","reserve","regular",251,1460,0.171917808219178,1.8,64,2
"1222","reshaped","shape","regular",3,1870,0.00160427807486631,2.7,64,2
"1228","respected","respect","regular",329,5010,0.0656686626746507,2.5,81,3
"1230","rested","rest","regular",108,11429,0.00944964563828856,1.65,36,2
"1233","restricted","restrict","regular",200,366,0.546448087431694,2.8,100,3
"1235","resulted","result","regular",60,2267,0.0264666960741067,2.2,64,3
"1241","retarded","retard","regular",300,548,0.547445255474453,2.25,64,3
"1242","retied","tie","regular",0,4127,0,1.9,36,2
"1243","retired","retire","regular",564,1579,0.357188093730209,1.85,49,2
"1245","regaled","regale","regular",5,5,1,2,49,2
"1246","regarded","regard","regular",103,1445,0.071280276816609,2.3,64,3
"1249","regretted","regret","regular",69,1758,0.0392491467576792,2.9,81,3
"1250","regrouped","group","regular",6,3671,0.00163443203486788,3.4,81,2
"1257","reinforced","force","regular",55,6278,0.00876075183179357,3.3,100,3
"1258","reinstated","instat","regular",57,57,1,3.45,100,4
"1263","relaid","lay","regular",0,2334,0,1.95,36,2
"1264","related","relate","regular",632,6707,0.094229909050246,1.7,49,3
"1265","relaxed","relax","regular",349,3447,0.101247461560777,1.95,49,2
"1267","released","release","regular",861,2610,0.329885057471264,1.95,64,2
"1268","relegated","relegate","regular",8,12,0.666666666666667,2.45,81,4
"1271","relieved","relieve","regular",508,853,0.595545134818288,2.2,64,2
"1273","reloaded","load","regular",11,3215,0.00342146189735614,2.55,64,3
"1274","remained","remain","regular",222,3036,0.0731225296442688,2.05,64,2
"1275","remanded","remand","regular",39,47,0.829787234042553,2.2,64,3
"1278","remembered","remember","regular",1134,23254,0.0487658037326911,3.55,100,3
"1279","reminded","remind","regular",417,3209,0.129947023995014,2.15,64,3
"1282","remodeled","model","regular",14,2239,0.00625279142474319,3.25,81,3
"1284","removed","remove","regular",728,1954,0.372569089048106,1.85,49,2
"1286","renamed","name","regular",10,38080,0.000262605042016807,1.95,49,2
"1289","renowned","renown","regular",64,80,0.8,2.9,64,2
"1290","rented","rent","regular",454,2611,0.173879739563386,1.8,36,2
"1291","reopened","open","regular",45,17091,0.00263296471827278,2.7,64,3
"1292","reorganized","organize","regular",9,1615,0.00557275541795666,3.4,121,4
"1298","repeated","repeat","regular",134,1781,0.0752386299831555,1.9,64,3
"1299","reassured","assure","regular",23,1694,0.0135773317591499,2.75,81,2
"1308","received","receive","regular",1409,2977,0.473295263688277,2.1,64,2
"1313","reclassified","class","regular",5,7984,0.00062625250501002,4.65,144,4
"1314","recognized","recognize","regular",457,2313,0.197578901859057,3.2,100,3
"1318","recommended","recommend","regular",265,1390,0.190647482014388,3.3,121,4
"1320","reconsidered","consider","regular",24,5556,0.00431965442764579,4.4,144,4
"1322","recopied","copy","regular",0,2662,0,2.8,64,3
"1323","recorded","record","regular",421,7570,0.0556142668428005,1.95,64,3
"1326","recovered","cover","regular",432,8417,0.0513247000118807,2.65,81,3
"1327","recreated","create","regular",24,4139,0.00579850205363614,2.4,81,4
"1330","reddened","red","regular",3,4567,0.000656886358659952,2.7,64,2
"1333","redefined","define","regular",8,4239,0.00188723755602736,2.9,81,3
"1335","redoubled","double","regular",6,2959,0.00202771206488679,3.15,81,3
"1342","reentered","enter","regular",6,2785,0.00215439856373429,2.85,81,3
"1343","referred","refer","regular",223,1817,0.12272977435333,2.35,64,2
"1344","refilled","fill","regular",7,3992,0.00175350701402806,2.6,64,2
"1356","refused","refuse","regular",652,2159,0.301991662806855,1.85,49,2
"1359","radioed","radio","regular",39,3493,0.0111651875178929,2.65,49,3
"1364","rained","rain","regular",135,3291,0.04102096627165,1.6,36,1
"1365","raised","raise","regular",1275,4362,0.292297111416781,1.7,36,1
"1370","rang","ring","irregular",274,6840,0.0400584795321638,1.25,16,1
"1375","raped","rape","regular",572,1629,0.351135666052793,1.3,25,1
"1378","rated","rate","regular",66,1992,0.0331325301204819,1.45,25,2
"1383","reached","reach","regular",1253,4605,0.272095548317047,1.85,49,1
"1385","reacted","react","regular",88,1805,0.0487534626038781,1.95,49,3
"1386","reactivated","act","regular",18,17694,0.00101729399796541,3.35,121,5
"1389","realized","realize","regular",1827,6152,0.296976592977893,2.55,64,2
"1391","reappeared","appear","regular",23,6648,0.00345968712394705,3.35,100,2
"1394","rearmed","arm","regular",4,7674,0.000521240552514986,1.95,49,2
"1395","rearranged","arrange","regular",36,2825,0.0127433628318584,3.15,100,2
"1398","pulled","pull","regular",2415,9384,0.257352941176471,1.7,36,1
"1401","pummeled","pummel","regular",4,4,1,3,64,2
"1403","punched","punch","regular",276,1996,0.138276553106212,1.7,49,1
"1406","punished","punish","regular",510,1879,0.271420968600319,2.25,64,2
"1411","purified","pure","regular",40,1653,0.0241984271022384,2.8,64,3
"1413","purposed","purpose","regular",1,2107,0.000474608448030375,2.55,64,2
"1416","pushed","push","regular",1025,5016,0.204346092503987,1.8,36,1
"1425","questioned","question","regular",275,16717,0.0164503200334988,3.25,100,2
"1427","quickened","quick","regular",5,6903,0.000724322758221063,2.85,81,2
"1428","quieted","quiet","regular",19,5059,0.00375568294129275,2.3,49,2
"1432","raced","race","regular",66,4739,0.013926988816206,1.3,25,1
"1434","programmed","program","regular",236,2762,0.0854453294713975,3.55,100,2
"1438","projected","project","regular",60,2279,0.0263273365511189,2.6,81,3
"1440","promised","promise","regular",3105,10833,0.286624203821656,2.35,64,2
"1447","proposed","propose","regular",337,2098,0.160629170638704,2.45,64,2
"1448","propositioned","propose","regular",8,2098,0.00381315538608198,4.15,169,4
"1453","protected","protect","regular",544,6398,0.085026570803376,2.45,81,3
"1455","protracted","protract","regular",9,12,0.75,2.8,100,3
"1457","proved","prove","regular",540,4877,0.110723805618208,1.75,36,1
"1458","provided","provide","regular",470,1857,0.253096392030156,2.35,64,3
"1459","provisioned","provide","regular",1,1857,0.00053850296176629,3.45,121,3
"1464","publicized","public","regular",11,4197,0.00262091970455087,3.5,100,3
"1468","prepackaged","pack","regular",3,5436,0.000551876379690949,4.15,121,3
"1469","prepared","prepare","regular",1802,3718,0.484669176976869,2.6,64,2
"1472","presented","present","regular",271,6124,0.0442521227955585,2.25,81,3
"1474","pressed","press","regular",286,3359,0.085144388210777,1.85,49,1
"1476","presupposed","suppose","regular",3,18571,0.000161542189435141,3.95,121,3
"1477","pretended","pretend","regular",239,2951,0.0809894950864114,2.45,81,3
"1480","priced","price","regular",32,3032,0.0105540897097625,1.7,36,1
"1483","printed","print","regular",298,2363,0.126110876005078,1.8,49,2
"1488","proceeded","proceed","regular",64,2273,0.0281566212054553,2.8,81,3
"1489","processed","process","regular",124,1846,0.0671722643553629,2.35,81,2
"1492","produced","produce","regular",240,1839,0.130505709624796,2.35,64,2
"1494","proffered","proffer","regular",11,15,0.733333333333333,2.95,81,2
"1501","positioned","position","regular",31,4117,0.00752975467573476,3,100,3
"1502","possessed","possess","regular",332,1610,0.206211180124224,2.85,81,2
"1503","posted","post","regular",363,2331,0.155727155727156,1.75,36,2
"1507","pounded","pound","regular",43,2667,0.0161229846269216,1.7,49,2
"1511","powered","power","regular",66,10699,0.00616880082250678,2.05,49,1
"1512","practiced","practice","regular",165,3021,0.054617676266137,3.2,81,2
"1515","prayed","pray","regular",234,2382,0.0982367758186398,1.75,36,1
"1517","prearranged","arrange","regular",15,2825,0.00530973451327434,3.75,121,2
"1522","preconditioned","condition","regular",1,2955,0.000338409475465313,4.1,196,4
"1523","precooked","cook","regular",1,5460,0.000183150183150183,3.1,81,2
"1525","predestined","destine","regular",13,1508,0.00862068965517241,3.75,121,3
"1532","preferred","prefer","regular",202,2285,0.0884026258205689,2.8,81,2
"1533","prejudged","judge","regular",3,4703,0.000637890708058686,3.1,81,2
"1536","plated","plate","regular",8,1922,0.00416233090530697,1.6,36,2
"1537","played","play","regular",2807,31228,0.0898872806455745,1.7,36,1
"1539","pleased","please","regular",1127,32928,0.0342261904761905,1.8,49,1
"1552","pocketed","pocket","regular",7,2364,0.00296108291032149,2.55,64,3
"1553","pointed","point","regular",381,13992,0.027229845626072,1.85,49,2
"1554","poised","poise","regular",58,102,0.568627450980392,1.85,36,1
"1555","poisoned","poison","regular",372,2028,0.183431952662722,2.8,64,2
"1558","policed","police","regular",4,9994,0.000400240144086452,2.2,49,2
"1563","pooled","pool","regular",12,2460,0.0048780487804878,1.85,36,1
"1564","popped","pop","regular",394,2587,0.152299961345187,1.65,36,1
"1565","phoned","phone","regular",324,14136,0.0229202037351443,1.85,36,1
"1567","picked","pick","regular",3442,14108,0.243975049617238,1.45,36,1
"1572","pictured","picture","regular",133,10363,0.0128341213934189,2.7,64,2
"1586","placed","place","regular",616,33846,0.0182000827276488,1.6,36,1
"1588","planed","plane","regular",7,5699,0.00122828566415161,1.55,36,1
"1589","planned","plan","regular",1604,13420,0.119523099850969,1.85,49,1
"1590","planted","plant","regular",441,3001,0.146951016327891,1.7,49,2
"1593","penned","penn","regular",25,25,1,1.95,36,1
"1598","perfected","perfect","regular",64,9172,0.00697775839511557,2.65,81,3
"1600","performed","perform","regular",367,2847,0.128907622058307,2.5,81,2
"1610","personalized","person","regular",18,18347,0.000981086826184117,3.65,144,4
"1611","personified","person","regular",19,18347,0.00103559164986101,3.75,121,4
"1615","perturbed","perturb","regular",18,24,0.75,3,81,2
"1620","petrified","petrify","regular",67,69,0.971014492753623,3,81,3
"1623","parked","park","regular",517,4239,0.121962727058268,1.8,36,1
"1626","parted","part","regular",91,15053,0.0060453065834053,1.7,36,2
"1628","partnered","partner","regular",23,5171,0.00444788242119513,2.85,81,2
"1629","passed","pass","regular",2574,9165,0.280851063829787,1.7,36,1
"1648","pegged","peg","regular",182,276,0.659420289855073,1.85,36,1
"1651","overtaken","take","irregular",22,118614,0.000185475576238893,2.9,81,4
"1653","overtook","overtake","irregular",8,8,1,2.7,64,3
"1654","overturned","turn","regular",50,21771,0.00229663313582288,3.2,100,3
"1656","overworked","work","regular",49,64201,0.000763227987103005,3.5,100,3
"1657","owed","owe","regular",366,4658,0.0785744954916273,1.5,16,1
"1658","owned","own","regular",591,26556,0.022254857659286,1.8,25,1
"1661","packaged","pack","regular",24,5436,0.00441501103752759,2.75,64,2
"1662","packed","pack","regular",861,5436,0.158388520971302,1.5,36,1
"1666","paid","pay","regular",4270,20116,0.212268840723802,1.5,16,1
"1667","pained","pain","regular",12,5962,0.00201274740020127,1.8,36,1
"1668","painted","paint","regular",686,5001,0.137172565486903,1.6,49,2
"1669","paired","pair","regular",32,2112,0.0151515151515152,1.9,36,1
"1674","panicked","panic","regular",249,1387,0.179524152847873,2.7,64,2
"1679","paralyzed","paralyze","regular",176,208,0.846153846153846,2.9,81,3
"1681","parched","parch","regular",55,57,0.964912280701754,1.8,49,1
"1682","pardoned","pardon","regular",39,1915,0.0203655352480418,2.65,64,2
"1685","ostracized","ostracize","regular",19,20,0.95,3.75,100,3
"1689","overcome","come","irregular",306,138794,0.00220470625531363,2.5,64,3
"1690","overcooked","cook","regular",16,5460,0.00293040293040293,3.05,100,3
"1691","overcrowded","crowd","regular",23,2361,0.0097416349004659,3.6,121,4
"1692","overdeveloped","develop","regular",3,2138,0.00140318054256314,5.3,169,5
"1695","overexcited","excite","regular",16,4937,0.00324083451488758,4.45,121,5
"1697","overheated","heat","regular",22,2443,0.00900532132623823,2.8,100,4
"1699","overlaid","lay","regular",2,2334,0.000856898029134533,2.45,64,3
"1701","overloaded","load","regular",51,3215,0.0158631415241058,2.85,100,4
"1702","overlooked","look","regular",109,94750,0.00115039577836412,3.05,100,3
"1703","overpaid","pay","regular",39,20116,0.00193875521972559,2.65,64,3
"1704","overplayed","play","regular",6,31228,0.000192135263225311,3.1,100,3
"1705","overpowered","power","regular",21,10699,0.0019628002617067,3.8,121,3
"1707","overpriced","price","regular",42,3032,0.0138522427440633,3.65,100,3
"1708","overrated","rate","regular",128,1992,0.0642570281124498,2.7,81,4
"1709","overreached","reach","regular",3,4605,0.000651465798045603,3.7,121,3
"1710","oversexed","sex","regular",16,11359,0.00140857469847698,2.85,81,3
"1712","oversimplified","simple","regular",4,6733,0.000594088816278034,5.95,196,5
"1713","oversized","size","regular",44,2556,0.0172143974960876,2.85,81,3
"1714","occurred","occur","regular",737,1397,0.52755905511811,2.8,64,2
"1716","offered","offer","regular",1312,6222,0.210864673738348,2.5,49,2
"1717","officered","office","regular",0,14806,0,3.5,81,3
"1720","oiled","oil","regular",29,1965,0.0147582697201018,1.55,25,1
"1723","opened","open","regular",1707,17091,0.0998771283131473,2.15,36,2
"1724","operated","operate","regular",163,4790,0.0340292275574113,2.4,64,4
"1725","opposed","oppose","regular",335,1471,0.227736233854521,2.5,49,2
"1728","ordained","ordain","regular",44,52,0.846153846153846,2.75,64,2
"1729","ordered","order","regular",1866,13123,0.142193096090833,2.4,49,2
"1730","organized","organize","regular",489,1615,0.302786377708978,2.55,81,3
"1732","originated","origin","regular",67,2115,0.0316784869976359,3.05,100,5
"1733","nonplussed","nonplus","regular",5,5,1,4.45,100,2
"1734","normalized","normal","regular",2,4269,0.00046849379245725,3.1,100,3
"1735","notarized","notarize","regular",27,30,0.9,3.4,81,3
"1737","noted","note","regular",199,4577,0.0434782608695652,1.85,25,2
"1738","noticed","notice","regular",2121,5401,0.392705054619515,2.4,49,2
"1739","notified","note","regular",218,4577,0.0476294516058554,2.75,64,3
"1745","numbered","number","regular",92,12641,0.00727790522901669,2.6,64,2
"1748","objected","object","regular",39,2720,0.0143382352941176,2.6,64,3
"1750","obliged","oblige","regular",289,423,0.683215130023641,2.85,49,2
"1753","observed","observe","regular",195,1451,0.134390075809786,2.45,64,2
"1757","occasioned","occasion","regular",14,1511,0.00926538716082065,3.7,100,3
"1761","needed","need","regular",4789,78599,0.0609295283655008,1.85,36,2
"1764","neglected","neglect","regular",175,314,0.557324840764331,2.7,81,3
"1766","nestled","nestle","regular",21,30,0.7,2.1,49,2
"1771","nighted","night","regular",0,46431,0,2.15,49,2
"1777","muffled","muffle","regular",87,134,0.649253731343284,2.3,49,2
"1780","multicolored","color","regular",7,3054,0.0022920759659463,5.05,144,4
"1782","mummified","mummy","regular",14,14,1,3.4,81,3
"1784","murdered","murder","regular",1850,9687,0.190977598843811,2.45,64,2
"1796","nailed","nail","regular",351,1762,0.199205448354143,1.7,36,1
"1797","named","name","regular",3492,38080,0.0917016806722689,1.8,25,1
"1801","nationalized","nation","regular",1,3082,0.000324464633354964,3.15,144,3
"1802","naturalized","natural","regular",7,3075,0.00227642276422764,3.55,121,3
"1803","natured","nature","regular",1,2089,0.000478697941598851,2.3,49,2
"1805","neared","near","regular",6,6159,0.000974184120798831,1.75,36,1
"1811","moneyed","money","regular",2,31567,6.33573035131625e-05,2.7,49,2
"1817","mothered","mother","regular",7,20061,0.000348935745974777,2.25,64,2
"1824","mouthed","mouth","regular",16,5540,0.00288808664259928,2.15,49,1
"1825","moved","move","regular",3474,35617,0.0975376926748463,1.6,25,1
"1828","minded","mind","regular",70,24819,0.00282041983963899,1.75,36,2
"1834","mirrored","mirror","regular",20,1414,0.0141442715700141,2.9,64,1
"1837","miscarried","carrie","regular",10,1748,0.005720823798627,3.65,100,3
"1838","misfired","fire","regular",10,13614,0.000734537975613339,2.9,64,2
"1840","misguided","guide","regular",82,1463,0.0560492139439508,3.25,81,3
"1842","misjudged","judge","regular",69,4703,0.0146714862853498,3.4,81,2
"1843","mismanaged","manage","regular",2,4646,0.000430477830391735,3.65,100,3
"1844","misnamed","name","regular",1,38080,2.62605042016807e-05,2.85,64,2
"1845","misplaced","place","regular",133,33846,0.00392956331619689,2.75,81,2
"1847","missed","miss","regular",4413,17760,0.24847972972973,1.65,36,1
"1848","mistaken","mistake","irregular",646,7078,0.0912687199773948,2.7,64,3
"1850","mistook","mistake","irregular",78,7078,0.0110200621644532,3,49,2
"1851","mistrusted","trust","regular",3,8823,0.000340020401224073,3.2,100,3
"1852","mixed","mix","regular",1053,2198,0.479071883530482,1.85,25,1
"1856","modeled","model","regular",32,2239,0.0142920946851273,2.6,49,2
"1858","mechanized","mechanize","regular",13,14,0.928571428571429,3.5,100,3
"1862","memorialized","memory","regular",3,3632,0.000825991189427313,3.5,144,4
"1866","mentioned","mention","regular",1550,4758,0.325767129045818,2.9,81,2
"1869","mesmerized","mesmerize","regular",20,27,0.740740740740741,3.65,100,3
"1870","messed","mess","regular",838,5775,0.145108225108225,1.85,36,1
"1878","mapped","map","regular",46,1904,0.0241596638655462,1.65,36,1
"1881","marked","mark","regular",530,3508,0.151083238312429,1.75,36,1
"1882","marketed","market","regular",8,2332,0.00343053173241852,2.65,64,3
"1884","marred","marr","regular",7,9,0.777777777777778,1.7,36,1
"1885","married","marry","regular",11776,17924,0.656996206203972,1.75,49,2
"1889","mashed","mash","regular",154,242,0.636363636363636,1.6,36,1
"1893","mastered","master","regular",68,2665,0.025515947467167,1.9,64,2
"1894","matched","match","regular",200,3470,0.0576368876080692,1.7,49,1
"1895","mated","mate","regular",19,1879,0.010111761575306,1.55,25,2
"1896","materialized","material","regular",10,1450,0.00689655172413793,3.5,144,4
"1913","mailed","mail","regular",103,1908,0.0539832285115304,1.6,36,1
"1916","majored","major","regular",36,2711,0.0132792327554408,2.55,49,2
"1918","malformed","form","regular",7,3666,0.00190943807965085,3.4,81,2
"1922","managed","manage","regular",834,4646,0.179509255273353,1.95,49,2
"1928","manned","mann","regular",58,77,0.753246753246753,1.75,36,1
"1931","lived","live","regular",3291,35175,0.0935607675906183,1.55,25,1
"1933","loaded","load","regular",916,3215,0.284914463452566,1.75,36,2
"1939","located","locate","regular",455,2595,0.175337186897881,2.1,49,3
"1940","locked","lock","regular",2550,6571,0.38806878709481,1.3,36,1
"1943","longed","long","regular",66,37980,0.00173775671406003,1.75,36,1
"1944","looked","look","regular",5983,94750,0.0631451187335092,1.6,36,1
"1947","loosened","loose","regular",52,2426,0.021434460016488,2.75,64,2
"1954","loved","love","regular",5516,70273,0.0784938738918219,1.6,25,1
"1957","lucked","luck","regular",44,14046,0.00313256443115478,1.5,36,1
"1965","lent","lend","irregular",161,767,0.209908735332464,1.15,16,1
"1966","lessened","less","regular",7,5485,0.00127620783956244,2.75,64,2
"1967","lettered","letter","regular",6,6009,0.000998502246630055,1.95,64,2
"1968","leveled","level","regular",32,3009,0.0106347623795281,1.95,49,2
"1969","levelled","level","regular",11,3009,0.00365569956796278,2.5,64,2
"1972","licensed","license","regular",129,1736,0.0743087557603687,2.55,64,2
"1974","lied","lie","regular",2213,16478,0.134300279160092,1.3,16,1
"1975","lifted","lift","regular",353,2132,0.165572232645403,1.85,36,2
"1976","lighted","light","regular",55,12316,0.0044657356284508,1.75,49,2
"1977","lightened","light","regular",6,12316,0.00048717115946736,2.5,81,2
"1978","liked","like","regular",3997,200600,0.0199252243270189,1.6,25,1
"1979","likened","like","regular",9,200600,4.48654037886341e-05,2.55,49,2
"1980","limited","limit","regular",506,1830,0.276502732240437,2.55,49,3
"1982","lined","line","regular",327,12636,0.0258784425451092,1.45,25,1
"1986","listed","list","regular",278,4946,0.0562070359886777,1.75,36,2
"1987","listened","listen","regular",736,16930,0.0434731246308328,2.15,64,2
"1988","lit","light","irregular",451,12316,0.0366190321532965,1,9,1
"1994","laid","lay","regular",1487,2334,0.637103684661525,1.3,16,1
"1997","landed","land","regular",639,6002,0.10646451182939,1.8,36,2
"1998","landscaped","land","regular",3,6002,0.000499833388870377,3.6,100,2
"2003","lasted","last","regular",309,33993,0.00909010678669138,1.7,36,2
"2006","laughed","laugh","regular",537,7010,0.07660485021398,2.45,49,1
"2012","leaded","lead","regular",18,9265,0.00194279546681058,1.45,36,2
"2018","leapt","leap","irregular",45,526,0.0855513307984791,1.85,25,1
"2019","learned","learn","regular",2915,9960,0.292670682730924,1.85,49,1
"2024","led","lead","irregular",1150,9265,0.124123043712898,1.1,9,1
"2027","legalized","legal","regular",9,3159,0.00284900284900285,2.95,81,3
"2029","judged","judge","regular",202,4703,0.0429513076759515,1.85,36,1
"2030","jumbled","jumble","regular",23,36,0.638888888888889,1.7,49,2
"2031","jumped","jump","regular",1056,4987,0.211750551433728,1.7,36,1
"2032","justified","just","regular",123,194329,0.000632947218377082,2.85,81,3
"2035","keyed","key","regular",39,6597,0.00591177808094588,1.95,25,1
"2036","kicked","kick","regular",1527,5957,0.256337082424039,1.7,36,1
"2037","kidded","kidd","regular",13,6756,0.00192421551213736,1.9,36,2
"2038","kidnapped","kidnap","regular",804,2032,0.395669291338583,3.55,81,2
"2039","killed","kill","regular",14523,43828,0.331363511910194,1.7,36,1
"2041","kissed","kiss","regular",1436,8343,0.17212034040513,1.8,36,1
"2043","knelt","kneel","irregular",19,246,0.0772357723577236,2,25,1
"2044","knew","know","irregular",18673,323139,0.0577862777318739,1.8,16,1
"2046","knocked","knock","regular",1203,4400,0.273409090909091,2,49,1
"2047","knotted","knott","regular",20,26,0.769230769230769,2.15,49,2
"2054","issued","issue","regular",278,2999,0.0926975658552851,2.25,36,2
"2058","jacketed","jacket","regular",3,1812,0.00165562913907285,2.7,64,3
"2061","jailed","jail","regular",42,3609,0.0116375727348296,1.65,36,1
"2064","jerked","jerk","regular",42,1991,0.0210949271722752,2,36,1
"2066","jewelled","jewell","regular",6,6,1,2.6,64,1
"2067","jilted","jilt","regular",23,27,0.851851851851852,1.9,36,2
"2069","joined","join","regular",825,5323,0.154987788840879,1.9,36,1
"2070","joked","joke","regular",21,5790,0.00362694300518135,1.8,25,1
"2073","interested","interest","regular",4309,11447,0.376430505809382,2.7,100,4
"2081","internationalized","nation","regular",0,3082,0,4.8,289,5
"2086","interrelated","relate","regular",4,6707,0.000596391829431937,3.25,144,5
"2087","interrupted","interrupt","regular",259,1784,0.145179372197309,3.35,121,4
"2088","interspersed","intersperse","regular",2,3,0.666666666666667,3.75,144,3
"2091","interviewed","interview","regular",180,2092,0.0860420650095602,2.9,121,3
"2096","introduced","introduce","regular",588,2483,0.236810310108739,3.3,100,3
"2098","introverted","introvert","regular",6,8,0.75,3.75,121,4
"2100","inundated","inundate","regular",11,13,0.846153846153846,2.85,81,4
"2101","inured","inure","regular",3,4,0.75,1.85,36,2
"2104","invented","invent","regular",794,1704,0.465962441314554,2.2,64,3
"2105","inverted","invert","regular",40,49,0.816326530612245,1.85,64,3
"2107","investigated","investigate","regular",161,3148,0.051143583227446,3.3,144,5
"2108","invited","invite","regular",2031,4898,0.414659044507962,2.05,49,3
"2110","involved","involve","regular",3441,4479,0.768251841929002,2.55,64,2
"2114","irradiated","irradiat","regular",8,9,0.888888888888889,3.5,100,5
"2119","injured","injure","regular",525,1481,0.354490209318028,2.15,49,2
"2121","inscribed","inscribe","regular",32,42,0.761904761904762,2.8,81,2
"2124","insisted","insist","regular",411,1634,0.251529987760098,2.2,64,3
"2130","instructed","instruct","regular",235,1525,0.154098360655738,2.75,100,3
"2133","insured","insure","regular",123,2041,0.0602645761881431,1.8,49,2
"2135","intended","intend","regular",596,3021,0.197285666997683,2.3,64,3
"2137","intentioned","intend","regular",2,3021,0.00066203243958954,3.35,121,3
"2139","interconnected","connect","regular",24,3559,0.00674346726608598,5.15,196,5
"2153","inexperienced","experience","regular",56,4171,0.0134260369216015,4.35,169,4
"2163","informed","inform","regular",626,6159,0.101639876603345,2.25,64,2
"2169","impaired","impair","regular",43,74,0.581081081081081,2.5,64,2
"2170","impaled","impale","regular",36,55,0.654545454545455,2.35,49,2
"2171","impassioned","impassion","regular",19,20,0.95,3.8,121,3
"2179","implanted","plant","regular",61,3001,0.020326557814062,2.7,81,3
"2185","impoverished","impoverish","regular",26,28,0.928571428571429,4.65,144,4
"2186","impressed","impress","regular",955,3414,0.279730521382542,2.5,81,2
"2188","imprisoned","prison","regular",101,5251,0.0192344315368501,3.4,100,3
"2192","incapacitated","capacitate","regular",45,54,0.833333333333333,5.25,169,6
"2198","inclined","incline","regular",166,239,0.694560669456067,2.7,64,2
"2199","included","include","regular",377,2328,0.161941580756014,2.45,64,3
"2202","hung","hang","irregular",1191,9421,0.126419700668719,1.55,16,1
"2203","hunted","hunt","regular",183,2805,0.06524064171123,1.75,36,2
"2206","hurried","hurry","regular",61,4345,0.0140391254315305,2.1,49,2
"2212","hypnotized","hypnotize","regular",57,100,0.57,4.1,100,3
"2214","iced","ice","regular",185,4097,0.0451549914571638,1.95,16,1
"2216","identified","identify","regular",517,1936,0.267045454545455,3.4,100,4
"2220","ignored","ignore","regular",296,1800,0.164444444444444,2.6,49,2
"2224","imagined","imagine","regular",504,5463,0.0922570016474465,2.75,64,3
"2225","imbedded","bed","regular",7,9984,0.000701121794871795,2.9,64,3
"2227","imbued","imbue","regular",9,9,1,2.8,36,2
"2230","holed","hole","regular",93,3703,0.0251147718066433,1.7,25,1
"2233","honored","honor","regular",539,4221,0.127694859038143,2.45,49,2
"2234","hooked","hook","regular",647,3072,0.210611979166667,1.75,36,1
"2236","hoped","hope","regular",827,19960,0.0414328657314629,1.6,25,1
"2238","horned","horn","regular",25,1489,0.0167897918065816,1.95,36,1
"2240","hospitalized","hospital","regular",68,6325,0.0107509881422925,4.4,144,4
"2241","housed","house","regular",40,25630,0.00156067108856808,1.75,36,1
"2253","held","hold","irregular",2123,18075,0.117455048409405,1.55,16,1
"2254","helped","help","regular",2363,46688,0.050612577107608,1.85,36,1
"2259","hid","hide","irregular",594,6070,0.0978583196046128,1.25,9,1
"2266","hired","hire","regular",1654,3244,0.509864364981504,1.6,25,1
"2271","handed","hand","regular",469,26220,0.0178871090770404,1.8,36,2
"2273","handled","handle","regular",647,7021,0.0921521150833215,1.8,49,2
"2274","hanged","hang","regular",251,9421,0.0266426069419382,1.7,36,1
"2276","happened","happen","regular",24907,49337,0.504834100168231,2.55,64,2
"2280","hardened","hard","regular",56,19191,0.00291803449533636,2.35,64,2
"2281","harmed","harm","regular",122,2197,0.05553026854802,1.8,36,1
"2289","hated","hate","regular",1416,13672,0.103569338794617,1.6,25,2
"2293","headed","head","regular",1522,23855,0.0638021379165793,1.55,36,2
"2297","heated","heat","regular",126,2443,0.0515759312320917,1.55,36,2
"2305","grounded","ground","regular",379,1477,0.256601218686527,2.2,64,2
"2306","grouped","group","regular",7,3671,0.00190683737401253,1.95,49,1
"2310","guaranteed","guarantee","regular",270,1482,0.182186234817814,3.85,100,3
"2311","guarded","guard","regular",162,3496,0.0463386727688787,2.3,49,2
"2312","guessed","guess","regular",376,21673,0.0173487749734693,2.4,49,1
"2313","guided","guide","regular",96,1463,0.0656185919343814,1.85,36,2
"2317","gutted","gut","regular",45,1778,0.0253093363329584,1.75,36,2
"2322","hallowed","hallow","regular",88,93,0.946236559139785,2.15,64,2
"2332","grabbed","grab","regular",663,3502,0.189320388349515,1.95,49,1
"2334","graded","grade","regular",37,2006,0.018444666001994,1.55,36,2
"2335","graduated","graduate","regular",364,1659,0.219409282700422,2.9,81,4
"2353","generalized","general","regular",4,2676,0.00149476831091181,3.15,121,3
"2354","generated","generate","regular",66,1501,0.0439706862091939,2.5,81,4
"2358","ghosted","ghost","regular",2,2073,0.000964785335262904,2.45,49,2
"2359","gifted","gift","regular",216,4156,0.0519730510105871,1.9,36,2
"2361","gilded","gild","regular",30,39,0.769230769230769,2,36,2
"2375","glorified","glory","regular",61,1400,0.0435714285714286,3.05,81,3
"2382","gnarled","gnarl","regular",3,3,1,2.35,49,1
"2387","froze","freeze","irregular",211,1896,0.111286919831224,1.95,25,1
"2388","frozen","froze","irregular",723,732,0.987704918032787,2.55,36,2
"2400","furthered","further","regular",3,2606,0.00115118956254797,2.85,81,2
"2410","garbled","garble","regular",32,34,0.941176470588235,1.9,49,2
"2411","gardened","garden","regular",1,1534,0.000651890482398957,2.35,64,2
"2415","gassed","gas","regular",36,3337,0.010788133053641,1.8,36,1
"2416","gathered","gather","regular",479,1514,0.316380449141347,1.9,64,2
"2421","forgiven","forgive","irregular",313,3840,0.0815104166666667,2.8,64,3
"2422","forgone","gone","irregular",1,14683,6.81059728938228e-05,2.4,49,2
"2427","formed","form","regular",236,3666,0.0643753409710856,1.7,36,1
"2429","forsaken","forsake","irregular",70,146,0.47945205479452,3.1,64,3
"2431","forwarded","forward","regular",44,3488,0.0126146788990826,3.5,81,3
"2434","fought","fight","irregular",1327,15868,0.0836274262667003,1.8,36,1
"2443","freed","free","regular",173,10102,0.0171253217184716,1.45,25,1
"2445","frazzled","frazzle","regular",23,29,0.793103448275862,2.6,64,2
"2450","freshened","fresh","regular",7,2592,0.00270061728395062,3.15,81,2
"2453","frightened","fright","regular",1138,1976,0.575910931174089,3.15,100,2
"2456","fronted","front","regular",19,9325,0.00203753351206434,1.95,49,2
"2458","flew","fly","irregular",759,8072,0.0940287413280476,1.55,16,1
"2474","flowered","flower","regular",16,3218,0.00497203231821007,2.3,64,1
"2475","flung","fling","irregular",43,228,0.18859649122807,1.75,25,1
"2478","flustered","fluster","regular",35,38,0.921052631578947,2.35,81,2
"2482","focused","focus","regular",394,1804,0.21840354767184,2.35,49,2
"2483","focussed","focus","regular",3,1804,0.0016629711751663,2.85,64,2
"2487","followed","follow","regular",1685,9046,0.186270174662834,2.35,64,2
"2488","fooled","fool","regular",500,6994,0.0714898484415213,1.8,36,1
"2489","forbade","forbid","irregular",22,845,0.0260355029585799,2.7,49,2
"2490","forbidden","forbid","irregular",318,845,0.376331360946746,3.6,81,3
"2491","forced","force","regular",1309,6278,0.208505893596687,1.75,36,1
"2492","foreclosed","close","regular",13,17156,0.00075775238983446,3.75,100,2
"2494","forgave","forgive","irregular",116,3840,0.0302083333333333,2.6,49,2
"2496","fielded","field","regular",4,3694,0.00108283703302653,2.05,49,2
"2497","figured","figure","regular",3733,11346,0.329014630706857,2.55,49,2
"2498","filched","filch","regular",2,3,0.666666666666667,2.6,49,1
"2499","filed","file","regular",443,4116,0.107628765792031,1.35,25,1
"2500","filled","fill","regular",1336,3992,0.334669338677355,1.5,36,1
"2501","filmed","film","regular",118,4304,0.0274163568773234,1.9,36,1
"2504","fined","fine","regular",41,23861,0.00171828506768367,1.45,25,1
"2505","fingered","finger","regular",37,3517,0.0105203298265567,2.55,64,2
"2506","finished","finish","regular",4047,9365,0.432140950347037,2.5,64,2
"2508","fired","fire","regular",3067,13614,0.225282797120611,1.45,25,1
"2511","fixed","fix","regular",1600,6424,0.24906600249066,1.8,25,1
"2525","fled","flee","irregular",214,558,0.383512544802867,1.45,16,1
"2527","failed","fail","regular",1441,4219,0.341550130362645,1.5,36,1
"2529","faked","fake","regular",171,2010,0.0850746268656716,1.5,25,1
"2530","fallen","fall","irregular",831,12624,0.0658269961977186,1.95,36,2
"2532","famed","fame","regular",39,2592,0.0150462962962963,1.5,25,1
"2533","fancied","fancy","regular",50,1642,0.0304506699147381,2.45,49,2
"2534","fanned","fan","regular",17,2273,0.00747910250769908,1.7,36,1
"2535","farmed","farm","regular",21,2169,0.00968188105117566,1.7,36,1
"2538","fastened","fast","regular",58,8896,0.00651978417266187,2.4,64,2
"2540","fathered","father","regular",26,22239,0.0011691173164261,1.85,64,2
"2541","faulted","fault","regular",1,5478,0.00018254837531946,2.1,49,2
"2542","favored","favor","regular",48,7240,0.00662983425414365,2.35,49,2
"2544","feared","fear","regular",281,4240,0.0662735849056604,1.75,36,1
"2547","fed","feed","irregular",737,3460,0.213005780346821,1.25,9,1
"2561","existed","exist","regular",405,3270,0.123853211009174,2.05,49,3
"2564","expected","expect","regular",1680,9786,0.171673819742489,2.25,64,3
"2565","expelled","expel","regular",221,299,0.739130434782609,2.75,64,2
"2567","experimented","experiment","regular",30,1465,0.0204778156996587,3.3,144,5
"2568","experienced","experience","regular",499,4171,0.119635578997842,3.2,121,3
"2570","explained","explain","regular",589,7884,0.0747082699137494,2.8,81,2
"2571","exploded","explode","regular",194,2237,0.0867232901206974,2.25,64,3
"2577","expressed","express","regular",164,1774,0.0924464487034949,2.55,81,2
"2585","eyed","eye","regular",31,16500,0.00187878787878788,1.75,16,1
"2589","faced","face","regular",307,16675,0.0184107946026986,1.55,25,1
"2593","escaped","escape","regular",956,3424,0.279205607476636,2.15,49,2
"2601","estranged","strange","regular",21,6384,0.00328947368421053,2.6,81,2
"2602","etched","etch","regular",23,37,0.621621621621622,2,36,1
"2610","evidenced","evidence","regular",13,4207,0.003090087948657,3.15,81,3
"2613","evolved","evolve","regular",161,306,0.526143790849673,2.3,49,2
"2615","exacted","exact","regular",9,11082,0.000812127774769897,1.95,49,3
"2618","exalted","exalt","regular",32,56,0.571428571428571,2.35,49,3
"2624","excited","excite","regular",2431,4937,0.492404294105732,2,49,3
"2628","excused","excuse","regular",198,4823,0.0410532863363052,2.2,49,2
"2629","executed","execute","regular",372,1846,0.201516793066089,2.45,64,4
"2633","exhausted","exhaust","regular",632,966,0.65424430641822,3.15,81,3
"2637","energized","energize","regular",28,39,0.717948717948718,3.3,81,3
"2638","enforced","force","regular",42,6278,0.00669002867155145,2.5,64,2
"2639","engaged","engage","regular",1268,2354,0.538657604078165,2.45,49,2
"2641","engraved","grave","regular",81,1698,0.0477031802120141,2.65,64,2
"2645","enjoined","join","regular",5,5323,0.000939319932368965,2.7,64,2
"2646","enjoyed","joy","regular",905,6427,0.14081219853742,2.75,49,2
"2647","enlarged","large","regular",51,2977,0.0171313402754451,2.8,64,2
"2648","enlightened","light","regular",85,12316,0.00690159142578759,3.35,121,3
"2649","enlisted","list","regular",160,4946,0.0323493732308937,2.65,64,3
"2650","enlivened","live","regular",6,35175,0.000170575692963753,3.55,81,3
"2654","enriched","rich","regular",21,4236,0.00495750708215297,2.95,64,2
"2655","enrolled","roll","regular",55,4691,0.0117245789810275,2.7,64,2
"2656","ensconced","ensconce","regular",8,8,1,3.8,81,2
"2657","enslaved","slave","regular",40,1589,0.0251730648206419,2.7,64,2
"2659","entitled","title","regular",582,1711,0.340151957919345,2.7,64,3
"2660","entered","enter","regular",732,2785,0.262836624775584,1.95,49,2
"2667","entrusted","trust","regular",86,8823,0.00974725150175677,2.75,81,3
"2674","envisioned","vision","regular",25,1671,0.0149611011370437,3.7,100,3
"2688","elongated","elongate","regular",16,21,0.761904761904762,3,81,4
"2692","embarrassed","embarrass","regular",1061,2901,0.365735953119614,4.45,121,3
"2693","emaciated","emaciate","regular",4,4,1,2.75,81,5
"2698","embattled","battle","regular",1,2270,0.000440528634361233,3.35,81,3
"2699","embedded","bed","regular",83,9984,0.00831330128205128,2.8,64,3
"2702","embodied","body","regular",11,11580,0.000949913644214162,2.75,64,3
"2704","embossed","emboss","regular",9,10,0.9,2.85,64,2
"2707","embroiled","embroil","regular",6,7,0.857142857142857,3.25,81,2
"2712","employed","employ","regular",200,2448,0.0816993464052288,2.35,64,2
"2713","empowered","power","regular",37,10699,0.00345826712776895,3.4,81,2
"2714","emptied","empty","regular",92,2471,0.037231889923108,2.65,49,2
"2717","enabled","able","regular",34,10394,0.003271117952665,2.3,49,3
"2718","enacted","act","regular",32,17694,0.00180852266304962,2.35,49,3
"2720","encamped","camp","regular",6,2982,0.00201207243460765,2.8,64,2
"2721","encased","case","regular",26,15569,0.00166998522705376,2.35,49,2
"2725","encircled","circle","regular",7,1533,0.0045662100456621,3.35,81,3
"2726","enclosed","close","regular",56,17156,0.00326416414082537,2.7,64,2
"2728","encouraged","courage","regular",161,1997,0.0806209313970956,3.4,100,3
"2731","encumbered","encumber","regular",6,6,1,3.5,100,3
"2732","endangered","danger","regular",123,6198,0.0198451113262343,3.7,100,3
"2733","endeared","dear","regular",3,9959,0.000301235063761422,2.7,64,2
"2735","ended","end","regular",1485,17186,0.0864075410217619,1.85,25,2
"2737","dumped","dump","regular",891,2641,0.33737220749716,1.7,36,1
"2742","dwelt","dwell","irregular",4,264,0.0151515151515152,1.9,25,1
"2744","dyed","die","regular",68,25445,0.00267243073295343,1.8,16,1
"2746","earned","earn","regular",642,1622,0.395807644882861,1.75,36,1
"2747","eased","ease","regular",26,15124,0.00171912192541656,1.55,25,1
"2748","eaten","eat","irregular",915,17841,0.0512863628720363,1.95,25,2
"2751","edged","edge","regular",9,1443,0.00623700623700624,1.75,25,1
"2754","educated","educate","regular",261,1487,0.175521183591123,2.6,64,4
"2755","effected","effect","regular",18,2559,0.00703399765533412,2.45,64,3
"2756","egged","egg","regular",11,3090,0.00355987055016181,1.8,25,1
"2761","elapsed","elapse","regular",22,22,1,2.05,49,2
"2763","donned","don","regular",3,504458,5.94697675525019e-06,1.9,36,1
"2764","doomed","doom","regular",381,558,0.682795698924731,1.85,36,1
"2769","doubted","doubt","regular",149,3870,0.0385012919896641,1.95,49,2
"2771","dove","dive","irregular",171,1237,0.13823767178658,1.15,16,1
"2772","downed","down","regular",46,73966,0.000621907362842387,1.75,36,1
"2775","dragged","drag","regular",578,2138,0.270346117867166,1.85,49,1
"2777","drank","drink","irregular",633,16573,0.0381946539552284,1.65,25,1
"2781","dreamed","dream","regular",777,11734,0.0662178285324697,1.85,49,1
"2782","dreamt","dream","irregular",337,11734,0.0287199590932333,1.85,36,1
"2783","drenched","drench","regular",37,47,0.787234042553192,2.4,64,1
"2784","dressed","dress","regular",2331,8424,0.276709401709402,1.85,49,1
"2785","drew","draw","irregular",511,3521,0.145129224652087,1.75,16,1
"2787","dried","dry","regular",240,2613,0.0918484500574053,1.7,25,1
"2791","driven","driven","irregular",502,502,1,1.8,36,2
"2793","dropped","drop","regular",2407,8739,0.275431971621467,1.75,49,1
"2794","drove","drive","irregular",1413,15227,0.0927956918631378,1.6,25,1
"2797","drugged","drug","regular",182,4654,0.0391061452513966,2.05,49,1
"2802","dug","dig","irregular",441,3142,0.14035646085296,1.15,9,1
"2803","disorganized","organize","regular",51,1615,0.0315789473684211,4.25,144,4
"2805","disowned","own","regular",14,26556,0.000527187829492393,2.85,64,2
"2807","dispelled","dispell","regular",4,4,1,2.75,81,2
"2810","displaced","place","regular",43,33846,0.00127046032027418,2.45,81,2
"2812","displeased","please","regular",39,32928,0.00118440233236152,2.65,100,2
"2814","dispossessed","possess","regular",9,1610,0.00559006211180124,4.35,144,3
"2817","disregarded","regard","regular",12,1445,0.00830449826989619,3.9,121,4
"2826","distinguished","distinguish","regular",271,405,0.669135802469136,4.1,169,3
"2831","distrusted","trust","regular",2,8823,0.000226680267482716,2.65,100,3
"2832","disturbed","disturb","regular",494,1809,0.273079049198452,2.7,81,2
"2838","divorced","divorce","regular",762,2445,0.311656441717791,2.75,64,2
"2841","doctored","doctor","regular",25,10814,0.00231181801368596,2.85,64,2
"2842","documented","document","regular",81,1449,0.0559006211180124,3.5,100,4
"2844","dogged","dog","regular",25,11599,0.00215535822053625,1.8,36,2
"2852","directed","direct","regular",252,6193,0.0406911028580656,2.55,64,3
"2853","disabled","able","regular",169,10394,0.016259380411776,2.8,64,3
"2854","disaffected","affect","regular",7,1933,0.00362131401965856,3.9,121,4
"2855","disarmed","arm","regular",46,7674,0.00599426635392233,2.8,64,2
"2857","disagreed","agree","regular",42,6723,0.00624721106648818,3.1,81,3
"2858","disallowed","allow","regular",10,4921,0.00203210729526519,3.5,100,3
"2859","disappeared","appear","regular",1399,6648,0.210439229843562,3.55,121,3
"2860","disapproved","approve","regular",7,1494,0.00468540829986613,3.6,121,3
"2861","disappointed","disappoint","regular",1074,1974,0.544072948328267,4.1,144,4
"2862","disarranged","arrange","regular",3,2825,0.00106194690265487,3.7,121,3
"2863","disbanded","band","regular",26,3131,0.00830405621207282,3,81,3
"2864","disbelieved","believe","regular",0,33665,0,3.55,121,3
"2866","discarded","discard","regular",62,113,0.548672566371681,2.75,81,3
"2868","discharged","charge","regular",213,7303,0.0291660961248802,3.2,100,2
"2870","disclaimed","claim","regular",0,2528,0,3,100,2
"2872","discolored","color","regular",6,3054,0.00196463654223969,3.15,100,3
"2873","disconnected","connect","regular",151,3559,0.042427648215791,3.9,144,4
"2876","discontinued","continue","regular",32,3972,0.0080563947633434,3.85,144,4
"2878","discovered","discover","regular",1447,2719,0.532180948878264,2.8,100,3
"2879","discredited","credit","regular",19,2579,0.00736719658782474,3.75,121,4
"2880","discussed","discuss","regular",537,3314,0.162039831019916,2.6,81,2
"2881","diseased","disease","regular",56,1514,0.0369881109643329,2.5,64,2
"2882","disembodied","body","regular",19,11580,0.00164075993091537,4.55,121,4
"2884","disfigured","figure","regular",31,11346,0.00273224043715847,3.75,100,3
"2886","disgruntled","disgruntle","regular",45,45,1,3.75,121,3
"2888","disgusted","disgust","regular",88,1468,0.0599455040871935,2.65,81,3
"2889","disheartened","heart","regular",2,13336,0.0001499700059988,4.4,144,3
"2891","disheveled","dishevel","regular",9,14,0.642857142857143,3.7,100,3
"2893","dishonored","honor","regular",19,4221,0.0045013030087657,3.7,100,3
"2895","disinterested","interest","regular",17,11447,0.00148510526775574,4.45,169,5
"2896","disjointed","joint","regular",8,1502,0.00532623169107856,3.3,100,3
"2898","dislocated","locate","regular",69,2595,0.0265895953757225,3.1,100,4
"2901","dismembered","member","regular",26,2753,0.00944424264438794,3.95,121,3
"2902","dismissed","dismiss","regular",436,755,0.577483443708609,2.75,81,2
"2904","designed","design","regular",860,2326,0.369733447979364,2.1,64,2
"2906","disordered","order","regular",7,13123,0.000533414615560466,3.4,100,3
"2907","deserved","deserve","regular",512,3590,0.142618384401114,2.1,64,2
"2908","designated","design","regular",123,2326,0.0528804815133276,2.75,100,4
"2909","desired","desire","regular",115,1483,0.0775455158462576,2.1,49,2
"2912","destined","destine","regular",206,1508,0.136604774535809,2.5,64,2
"2913","destroyed","destroy","regular",1546,4402,0.351203998182644,3.05,81,2
"2915","detailed","detail","regular",195,2539,0.076801890508074,2.65,64,2
"2916","detained","detain","regular",122,226,0.539823008849557,2.15,64,2
"2917","detected","detect","regular",176,2578,0.0682699767261443,1.95,64,3
"2924","developed","develop","regular",635,2138,0.297006548175865,2.85,81,3
"2926","devised","devise","regular",75,125,0.6,1.85,49,2
"2927","devoted","devote","regular",404,740,0.545945945945946,1.85,49,3
"2929","diagnosed","diagnose","regular",139,219,0.634703196347032,3.3,81,2
"2932","died","die","regular",7900,25445,0.31047357044606,1.35,16,1
"2934","differed","differ","regular",11,15394,0.000714564115889307,2.65,64,2
"2935","differentiated","differ","regular",5,15394,0.000324801870858776,4.65,196,6
"2938","dignified","dignify","regular",126,190,0.663157894736842,3.3,81,3
"2939","dilapidated","dilapidate","regular",8,8,1,4.2,121,5
"2940","dilated","dilate","regular",81,135,0.6,1.85,49,3
"2947","dejected","deject","regular",10,11,0.909090909090909,1.95,64,3
"2952","delivered","deliver","regular",803,3415,0.235139092240117,2.85,81,3
"2956","demanded","demand","regular",137,1680,0.081547619047619,2.4,64,3
"2958","demented","dement","regular",84,85,0.988235294117647,2.1,64,3
"2962","demoted","demote","regular",34,56,0.607142857142857,2.1,49,3
"2964","denatured","nature","regular",3,2089,0.00143609382479655,2.75,81,3
"2965","denied","deny","regular",535,2157,0.248029670839128,1.8,36,2
"2971","depended","depend","regular",87,2909,0.0299071845995187,2.4,64,3
"2972","depersonalized","person","regular",1,18347,5.45048236768954e-05,5.1,196,5
"2977","depraved","deprave","regular",62,103,0.601941747572815,2.65,64,2
"2978","depressed","depress","regular",790,1501,0.526315789473684,2.4,81,2
"2979","deranged","derange","regular",108,117,0.923076923076923,2.65,64,2
"2984","described","describe","regular",460,1449,0.317460317460317,2.6,81,2
"2988","deserted","desert","regular",264,1646,0.160388821385176,1.9,64,3
"2992","dated","date","regular",588,10176,0.0577830188679245,1.6,25,2
"2995","dazed","daze","regular",32,54,0.592592592592593,1.75,25,1
"2997","deactivated","act","regular",36,17694,0.00203458799593082,3.45,121,5
"2998","deadened","dead","regular",4,22063,0.000181299007387935,2.65,64,2
"3000","dealt","deal","irregular",376,16043,0.0234370130274886,1.9,25,1
"3005","deceased","decease","regular",299,301,0.993355481727575,2.3,64,2
"3007","decided","decide","regular",4457,11272,0.395404542228531,1.9,49,3
"3017","dedicated","dedicate","regular",394,712,0.553370786516854,2.3,81,4
"3020","deemed","deem","regular",69,109,0.63302752293578,1.95,36,1
"3021","deepened","deep","regular",3,4820,0.000622406639004149,2.65,64,2
"3025","defended","defend","regular",111,2642,0.0420136260408781,2,64,3
"3028","defined","define","regular",87,4239,0.0205237084217976,1.8,49,2
"3031","crumpled","crumple","regular",26,34,0.764705882352941,2.3,64,2
"3033","crushed","crush","regular",405,1383,0.292841648590022,1.8,49,1
"3039","cupped","cup","regular",5,2688,0.00186011904761905,1.9,36,1
"3040","cured","cure","regular",301,1519,0.19815668202765,1.55,25,1
"3049","damaged","damage","regular",439,2342,0.187446626814688,2.5,49,2
"3050","dammed","damm","regular",9,9,1,1.85,36,1
"3051","damned","damn","regular",781,8604,0.0907717340771734,1.9,36,1
"3053","danced","dance","regular",468,11246,0.0416147963720434,1.8,36,1
"3056","dared","dare","regular",225,3258,0.069060773480663,1.6,25,1
"3057","darkened","dark","regular",40,5237,0.00763796066450258,2.55,64,2
"3058","courted","court","regular",36,4929,0.00730371272063299,1.95,49,2
"3059","covered","cover","regular",1578,8417,0.187477723654509,1.9,49,2
"3062","cracked","crack","regular",481,2973,0.161789438277834,1.75,49,1
"3066","crashed","crash","regular",511,2251,0.227010217681031,1.75,49,1
"3069","crazed","craze","regular",103,13220,0.00779122541603631,1.85,36,1
"3071","creamed","cream","regular",70,2457,0.0284900284900285,1.7,49,1
"3073","created","create","regular",1176,4139,0.284126600628171,1.55,49,3
"3074","credited","credit","regular",31,2579,0.0120201628538193,2.5,64,3
"3075","cremated","cremate","regular",90,164,0.548780487804878,2.3,64,3
"3076","crept","creep","irregular",54,1549,0.0348612007746934,1.85,25,1
"3078","cried","cry","regular",651,6762,0.0962732919254658,1.7,25,1
"3088","crossed","cross","regular",855,3508,0.243728620296465,1.95,49,1
"3090","crowded","crowd","regular",438,2361,0.185514612452351,1.9,49,2
"3095","convinced","convince","regular",1048,2341,0.447671935070483,2.7,81,2
"3099","convoluted","convolute","regular",14,16,0.875,3.35,100,4
"3101","cooked","cook","regular",466,5460,0.0853479853479854,1.5,36,1
"3102","cooled","cool","regular",62,8626,0.00718757245536749,1.7,36,1
"3106","copied","copy","regular",119,2662,0.0447032306536439,1.9,36,2
"3109","cornered","corner","regular",117,2951,0.039647577092511,2.65,64,2
"3110","corrected","correct","regular",124,2437,0.0508822322527698,2.7,81,3
"3114","corrugated","corrugate","regular",5,5,1,3.15,100,4
"3120","counted","count","regular",320,5873,0.0544866337476588,1.85,49,2
"3121","counteracted","act","regular",1,17694,5.65163332203007e-05,3.55,144,4
"3125","coupled","couple","regular",35,11344,0.00308533145275035,1.8,49,2
"3128","connected","connect","regular",862,3559,0.242202865973588,2.25,81,3
"3129","conned","conn","regular",66,104,0.634615384615385,1.85,36,1
"3133","considered","consider","regular",1170,5556,0.210583153347732,3.25,100,3
"3141","constrained","constrain","regular",12,17,0.705882352941177,3,121,2
"3148","contacted","contact","regular",376,3926,0.0957717778909832,2.35,81,3
"3154","continued","continue","regular",364,3972,0.0916414904330312,2.45,81,3
"3156","contracted","contract","regular",93,2285,0.0407002188183807,2.45,100,3
"3158","controlled","control","regular",345,7076,0.0487563595251555,2.95,100,2
"3164","completed","complete","regular",387,7177,0.0539222516371743,2.35,81,3
"3165","complicated","complicate","regular",1350,1718,0.785797438882421,3.25,121,4
"3173","comprised","comprise","regular",24,40,0.6,2.55,81,2
"3175","computed","compute","regular",15,3300,0.00454545454545455,1.9,64,3
"3180","concerned","concern","regular",2228,4315,0.516338354577057,2.3,81,2
"3187","conditioned","condition","regular",73,2955,0.0247038917089678,3.15,121,3
"3192","confessed","confess","regular",301,2103,0.143128863528293,2.55,81,2
"3193","confided","confide","regular",43,2091,0.0205643232902917,2.35,64,3
"3194","confined","confine","regular",145,248,0.584677419354839,2.05,64,2
"3195","confirmed","confirm","regular",631,1716,0.367715617715618,2.65,81,2
"3196","confiscated","confiscate","regular",98,166,0.590361445783133,3.65,121,4
"3197","confused","confuse","regular",1600,2700,0.592592592592593,2.5,64,2
"3206","conjoined","join","regular",11,5323,0.00206650385121172,2.7,81,2
"3214","collected","collect","regular",276,3020,0.0913907284768212,2.65,81,3
"3218","colored","color","regular",351,3054,0.114931237721022,2.35,49,2
"3223","comforted","comfort","regular",53,4465,0.0118701007838746,2.5,81,3
"3224","commanded","command","regular",81,3256,0.0248771498771499,2.45,81,3
"3225","commandeered","command","regular",20,3256,0.00614250614250614,4.3,144,3
"3232","committed","commit","regular",1211,3063,0.395364022200457,2.55,81,3
"3233","communicated","communicate","regular",48,1461,0.0328542094455852,3.3,144,5
"3239","competed","compete","regular",21,2026,0.010365251727542,1.8,64,3
"3241","complained","complain","regular",174,1419,0.12262156448203,2.95,100,2
"3243","classed","class","regular",4,7984,0.000501002004008016,1.85,49,1
"3244","classified","class","regular",326,7984,0.0408316633266533,3.35,100,3
"3246","cleared","clear","regular",811,10539,0.0769522725116235,1.85,49,1
"3248","cleaned","clean","regular",881,8253,0.106749060947534,1.7,49,1
"3254","climbed","climb","regular",244,1483,0.164531355360755,2.15,49,1
"3259","clocked","clock","regular",59,3140,0.0187898089171975,1.65,49,1
"3262","closeted","closet","regular",2,1470,0.00136054421768707,2.75,64,3
"3266","clubbed","club","regular",13,4257,0.00305379375146817,2.2,49,1
"3268","clung","cling","irregular",24,238,0.100840336134454,1.7,25,1
"3275","coated","coat","regular",19,2517,0.00754866905045689,1.9,36,2
"3279","coded","code","regular",73,2891,0.0252507782774127,1.75,25,2
"3280","codified","code","regular",0,2891,0,2.7,64,3
"3285","chipped","chip","regular",115,1697,0.0677666470241603,1.65,49,1
"3289","chopped","chop","regular",224,1669,0.134212103055722,1.75,49,1
"3290","choreographed","choreograph","regular",18,18,1,4.1,169,3
"3293","chose","choose","irregular",943,3707,0.254383598597248,1.55,25,1
"3300","circled","circle","regular",68,1533,0.0443574690150033,2.55,49,2
"3302","circumscribed","circumscribe","regular",2,2,1,5.05,169,3
"3305","claimed","claim","regular",354,2528,0.14003164556962,2,49,1
"3306","clambered","clamber","regular",4,6,0.666666666666667,2.6,81,2
"3313","celebrated","celebrate","regular",134,2381,0.0562788744225116,2.6,100,4
"3314","centered","center","regular",49,1684,0.0290973871733967,2.05,64,2
"3321","certified","certify","regular",119,190,0.626315789473684,2.65,81,3
"3323","challenged","challenge","regular",202,1500,0.134666666666667,3.3,100,2
"3325","chanced","chance","regular",12,13479,0.000890273759180948,1.75,49,1
"3326","changed","change","regular",5057,19443,0.260093606953659,1.65,49,1
"3331","characterized","character","regular",35,2630,0.0133079847908745,4.65,169,4
"3332","charged","charge","regular",706,7303,0.0966726003012461,1.65,49,1
"3333","charmed","charm","regular",99,2225,0.0444943820224719,1.75,49,1
"3334","charred","char","regular",33,43,0.767441860465116,1.85,49,1
"3337","chased","chase","regular",420,2318,0.181190681622088,1.75,36,1
"3341","cheated","cheat","regular",616,2476,0.248788368336026,1.9,49,2
"3342","checked","check","regular",2320,15305,0.151584449526299,1.95,49,1
"3343","cheered","cheer","regular",59,1789,0.0329793180547792,1.95,49,1
"3350","cared","care","regular",720,33202,0.0216854406361063,1.3,25,1
"3355","carried","carrie","regular",1002,1748,0.573226544622426,1.75,49,2
"3359","cased","case","regular",21,15569,0.00134883422185111,1.4,25,1
"3360","cashed","cash","regular",103,3551,0.029005913827091,1.6,36,1
"3367","caused","cause","regular",1292,12280,0.105211726384365,1.8,36,1
"3370","burnished","burnish","regular",2,3,0.666666666666667,2.65,81,2
"3371","burnt","burn","irregular",450,6260,0.0718849840255591,1.75,25,1
"3374","busted","bust","regular",1062,2722,0.390154298310066,1.65,36,2
"3376","butted","butt","regular",22,2223,0.00989653621232569,1.65,36,2
"3377","buttoned","button","regular",34,1797,0.0189204229271007,2.85,64,2
"3383","caked","cake","regular",9,2474,0.00363783346806791,1.45,25,1
"3384","calcified","calcify","regular",7,8,0.875,3.15,81,3
"3387","called","call","regular",17144,66147,0.259180310520507,1.7,36,1
"3389","calmed","calm","regular",85,3290,0.0258358662613982,1.85,36,1
"3393","camped","camp","regular",59,2982,0.0197853789403085,1.85,36,1
"3395","candied","candy","regular",13,1494,0.00870147255689424,2.25,49,2
"3396","canned","cann","regular",198,219,0.904109589041096,1.7,36,1
"3399","brightened","bright","regular",5,2076,0.00240847784200385,3,100,2
"3416","bucked","buck","regular",16,3530,0.00453257790368272,1.6,36,1
"3422","bugged","bug","regular",129,1810,0.0712707182320442,1.5,36,1
"3427","bunched","bunch","regular",10,2892,0.00345781466113416,1.8,49,1
"3429","bungled","bungle","regular",21,27,0.777777777777778,1.9,49,2
"3434","buried","bury","regular",1675,2998,0.558705803869246,1.85,36,2
"3435","burned","burn","regular",1379,6260,0.220287539936102,1.85,36,1
"3436","booked","book","regular",508,12368,0.0410737386804657,1.6,36,1
"3439","booted","boot","regular",40,1432,0.0279329608938547,1.65,36,2
"3441","bore","bear","irregular",388,3974,0.0976346250629089,1.05,16,1
"3442","bored","bore","regular",990,2455,0.403258655804481,1.65,25,1
"3443","borne","bore","irregular",51,2455,0.0207739307535642,1.8,25,1
"3444","borrowed","borrow","regular",490,2096,0.233778625954198,2.5,64,2
"3445","bossed","boss","regular",6,5365,0.00111835973904939,1.9,36,1
"3446","bothered","bother","regular",523,5222,0.100153198008426,2.35,64,2
"3447","bottled","bottle","regular",116,3331,0.0348243770639448,1.85,49,2
"3453","boxed","box","regular",61,5658,0.0107811947684694,1.8,25,1
"3460","braved","brave","regular",12,1897,0.00632577754348972,1.75,36,1
"3461","breakfasted","breakfast","regular",2,3049,0.000655952771400459,4.15,121,3
"3463","breathed","breathe","regular",69,3437,0.0200756473668897,1.95,64,1
"3464","bred","breed","irregular",116,683,0.169838945827233,1.55,16,1
"3467","blacked","black","regular",108,6916,0.015615962984384,1.8,49,1
"3468","blackened","black","regular",14,6916,0.00202429149797571,2.75,81,2
"3469","blamed","blame","regular",279,3630,0.0768595041322314,1.8,36,1
"3476","bled","bleed","irregular",189,2220,0.0851351351351351,1.6,16,1
"3478","blessed","bless","regular",471,2360,0.199576271186441,2.1,49,2
"3479","blew","blow","irregular",1550,8424,0.183998100664767,1.75,16,1
"3481","blinded","blind","regular",172,2658,0.0647103085026336,1.9,49,2
"3484","bloated","bloat","regular",84,113,0.743362831858407,1.8,49,2
"3485","blocked","block","regular",337,3221,0.104625892579944,1.8,49,1
"3486","blooded","blood","regular",23,10343,0.00222372619162719,1.9,49,2
"3493","blurted","blurt","regular",12,12,1,1.9,49,2
"3496","boarded","board","regular",105,3793,0.0276825731610862,1.9,49,2
"3504","bombed","bomb","regular",194,4154,0.0467019740009629,1.85,36,1
"3506","behaved","behave","regular",150,2343,0.0640204865556978,2.4,49,2
"3507","beheld","behold","irregular",24,174,0.137931034482759,2.35,36,2
"3508","belated","late","regular",21,30271,0.000693733276072809,1.8,49,3
"3510","believed","believe","regular",1774,33665,0.0526956780038616,2.35,64,2
"3512","belonged","belong","regular",496,4395,0.112855517633675,2.75,64,2
"3513","beloved","love","regular",609,70273,0.00866620181292957,2.45,49,3
"3514","belted","belt","regular",25,1457,0.0171585449553878,1.8,36,2
"3518","bent","bend","irregular",317,1100,0.288181818181818,1,16,1
"3523","bested","best","regular",24,19688,0.00121901665989435,1.7,36,2
"3528","bewildered","bewilder","regular",49,68,0.720588235294118,3.65,100,3
"3529","bewitched","witch","regular",36,1731,0.0207972270363951,3,81,2
"3531","billed","bill","regular",35,2971,0.0117805452709525,1.7,36,1
"3533","birthed","birth","regular",11,1435,0.00766550522648084,2.8,49,1
"3535","bitten","bit","irregular",183,687,0.266375545851528,1.8,36,2
"3539","baptized","baptize","regular",98,136,0.720588235294118,2.95,64,2
"3541","barbed","barb","regular",60,76,0.789473684210526,1.8,36,1
"3542","barred","barr","regular",62,85,0.729411764705882,1.65,36,1
"3543","based","base","regular",1073,5770,0.185961871750433,1.6,25,1
"3556","bedded","bed","regular",18,9984,0.00180288461538462,1.8,36,2
"3562","befuddled","fuddle","regular",6,9,0.666666666666667,3.25,81,3
"3564","begged","beg","regular",365,3700,0.0986486486486486,1.7,36,1
"3569","automated","automate","regular",57,73,0.780821917808219,2.9,81,4
"3570","availed","avail","regular",3,1472,0.00203804347826087,2.3,49,2
"3572","averted","avert","regular",35,61,0.573770491803279,2.2,49,3
"3573","avoided","avoid","regular",133,1744,0.0762614678899083,2.7,49,3
"3575","awaited","wait","regular",34,34722,0.000979206266920108,2.2,49,3
"3576","awakened","wake","regular",103,7643,0.0134763836189978,2.75,64,3
"3578","awed","awe","regular",6,5383,0.00111462010031581,1.75,16,1
"3581","backed","back","regular",374,100472,0.0037224301297874,1.4,36,1
"3583","bagged","bag","regular",91,6457,0.0140932321511538,1.35,36,1
"3588","bandaged","band","regular",25,3131,0.0079846694346854,2.55,64,2
"3589","banded","band","regular",9,3131,0.00287448099648675,1.6,36,2
"3591","banished","banish","regular",92,166,0.55421686746988,2.3,64,2
"3592","banked","bank","regular",22,4816,0.00456810631229236,1.5,36,1
"3597","ashamed","shame","regular",1366,3383,0.403783624002365,2.5,49,2
"3598","asked","ask","regular",10932,40508,0.269872617754518,1.85,25,1
"3608","assigned","assign","regular",613,1908,0.321278825995807,2.5,64,2
"3610","assisted","assist","regular",74,2621,0.0282334986646318,2.5,64,3
"3614","assumed","assume","regular",576,2688,0.214285714285714,2.35,49,2
"3615","assured","assure","regular",312,1694,0.18417945690673,2.1,49,2
"3618","ate","eat","irregular",1695,17841,0.0950058853203296,1,9,1
"3620","attached","attach","regular",607,897,0.67670011148272,2.4,64,2
"3621","attacked","attack","regular",1202,5920,0.203040540540541,2.3,64,2
"3623","attempted","attempt","regular",356,1715,0.207580174927114,3.3,81,3
"3624","attended","attend","regular",192,5508,0.0348583877995643,2.45,64,3
"3627","attracted","attract","regular",600,2660,0.225563909774436,2.65,81,3
"3632","apologized","apologize","regular",181,2732,0.0662518301610542,3.55,100,4
"3636","appeared","appear","regular",491,6648,0.0738567990373045,2.45,64,2
"3641","appointed","appoint","regular",269,2119,0.126946672958943,2.75,81,3
"3644","appreciated","appreciate","regular",292,4999,0.0584116823364673,3.15,121,5
"3647","approached","approach","regular",220,1969,0.111731843575419,3.4,100,2
"3649","approved","approve","regular",322,1494,0.215528781793842,2.6,64,2
"3653","argued","argue","regular",137,2769,0.0494763452509931,2.5,36,2
"3654","arisen","risen","irregular",9,86,0.104651162790698,2,36,3
"3655","armed","arm","regular",1008,7674,0.131352619233776,1.8,25,1
"3660","arranged","arrange","regular",816,2825,0.288849557522124,2.55,64,2
"3661","arrested","arrest","regular",1648,4719,0.349226531044713,2.7,64,3
"3662","arrived","arrive","regular",1933,4153,0.465446665061401,2.4,49,2
"3664","amounted","amount","regular",12,1455,0.00824742268041237,2.6,64,3
"3671","anesthetized","anesthetize","regular",11,11,1,4.55,144,4
"3675","announced","announce","regular",287,1801,0.159355913381455,2.55,81,2
"3678","answered","answer","regular",769,11092,0.0693292463036423,2.8,64,2
"3680","antiquated","antiquate","regular",26,26,1,3.3,100,4
"3681","agreed","agree","regular",1598,6723,0.237691506767812,2.1,36,2
"3684","aired","air","regular",45,6193,0.00726626836751171,1.55,25,1
"3685","alarmed","alarm","regular",150,1805,0.0831024930747922,2,49,2
"3689","alleged","allege","regular",194,322,0.60248447204969,2.5,49,2
"3695","allowed","allow","regular",2278,4921,0.46291404186141,1.85,49,2
"3701","amazed","amaze","regular",257,4137,0.0621223108532753,2.25,36,2
"3706","added","add","regular",484,2998,0.161440960640427,1.8,25,2
"3708","addressed","address","regular",189,3031,0.0623556581986143,2.55,81,2
"3712","adjudged","adjudge","regular",3,4,0.75,2.8,64,2
"3716","admired","admire","regular",182,1487,0.122394082044385,2.1,49,2
"3717","admitted","admit","regular",462,3805,0.121419185282523,2.65,64,3
"3724","advanced","advance","regular",412,1445,0.285121107266436,2.75,64,2
"3730","affected","affect","regular",342,1933,0.176927056389033,2.65,64,3
"3731","affianced","affiance","regular",2,2,1,3.4,81,2
"3737","afforded","afford","regular",27,2307,0.011703511053316,2.8,64,3
"3738","aged","age","regular",163,4654,0.0350236355822948,1.65,16,2
"3740","aggrieved","aggrieve","regular",9,9,1,3.6,81,2
"3741","agitated","agitate","regular",124,203,0.610837438423645,2.7,64,4
